[{"__type__":"cc.SpriteFrame","content":{"name":"ground","texture":"73qZi2WklJDoPXNm/ptrhx","rect":[0,0,1097,793],"offset":[0,0],"originalSize":[1097,793]}},{"__type__":"cc.SpriteFrame","content":{"name":"share_btn","texture":"6fo7VXmpZL9ofd12n3a9ST","rect":[0,0,132,135],"offset":[0,0],"originalSize":[132,135]}},{"__type__":"cc.SpriteFrame","content":{"name":"presents_btn_pressed","texture":"e7oOxCHFtH/blnJKmmB6ZL","rect":[0,0,132,135],"offset":[0,0],"originalSize":[132,135]}},{"__type__":"cc.SpriteFrame","content":{"name":"leaderboard_ btn_pressed","texture":"d3nvCoyTxPfYXodJaV+Ixc","rect":[0,0,132,135],"offset":[0,0],"originalSize":[132,135]}},{"__type__":"cc.SpriteFrame","content":{"name":"btn_green_pressed","texture":"19zXhRasBFMqqEpd3IPPW4","rect":[0,0,288,142],"offset":[0,0],"originalSize":[288,142]}},{"__type__":"cc.SpriteFrame","content":{"name":"share_btn_pressed","texture":"ae1CV2HGpI6JFtBdIZUI0Z","rect":[0,0,132,135],"offset":[0,0],"originalSize":[132,135]}},{"__type__":"cc.SpriteFrame","content":{"name":"leaderboard_ btn","texture":"13t7plVyRJdrZ0ii+8K+fP","rect":[0,0,132,135],"offset":[0,0],"originalSize":[132,135]}},{"__type__":"cc.SpriteFrame","content":{"name":"presents_btn","texture":"a8dHOL9KtD8rSi+7fNuZWq","rect":[0,0,132,135],"offset":[0,0],"originalSize":[132,135]}},{"__type__":"cc.SpriteFrame","content":{"name":"btn_green","texture":"f67sHu+eRI3bEOjofxz9hq","rect":[0,0,288,142],"offset":[0,0],"originalSize":[288,142]}},[{"__type__":"cc.SceneAsset","_name":"single_game","scene":{"__id__":1},"asyncLoadAssets":null},{"__type__":"cc.Scene","_name":"New Node","_children":[{"__id__":2}],"_anchorPoint":{"__type__":"cc.Vec2"},"autoReleaseAssets":true},{"__type__":"cc.Node","_name":"game","_parent":{"__id__":1},"_children":[{"__id__":3},{"__id__":4},{"__id__":5},{"__id__":9},{"__id__":12},{"__id__":18}],"_components":[{"__type__":"cc.Canvas","node":{"__id__":2},"_designResolution":{"__type__":"cc.Size","width":1080,"height":1920},"_fitWidth":true,"_fitHeight":false},{"__type__":"d1d6dJ/f9FB2owvsXrWHMB/","node":{"__id__":2},"gravity":-100,"playerControl":{"__id__":5},"castalNode":{"__id__":4},"camera":{"__id__":11},"scoreLabel":{"__id__":14},"leftWallPrefab":{"__uuid__":"b2aObkMx1IiKC2Tc+X9CnZ"},"rightWallPrefab":{"__uuid__":"35DZENMeJAjLQ0EUvgWMct"},"backgroundPrefab":{"__uuid__":"b0SEleW/9FAqOwRCLAgsoY"},"leftWallInitPosition":{"__type__":"cc.Vec2","x":-477,"y":438},"rightWallInitPosition":{"__type__":"cc.Vec2","x":477,"y":438},"backgroundInitPosition":{"__type__":"cc.Vec2","y":752},"resultPannelPrefab":{"__uuid__":"a5LpEfoStDP5XUG36Sedvf"},"historyBestLabel":{"__id__":17},"btnGroup":{"__id__":18}},{"__type__":"472damY6+BIPo61+5NAyNND","node":{"__id__":2},"target":{"__id__":5},"boxPrefab":{"__uuid__":"e9NYz0nBFOtp2Z6j414DMS"},"connectNodePrefab":{"__uuid__":"16QpjfjTpK8KQXcY3l99VP"},"starPrefab":{"__uuid__":"4fJ79Y91lL4pLOw2blMbbV"},"camera":{"__id__":11},"onceCreatedCount":1,"minBoxSize":{"__type__":"cc.Size","width":166,"height":144},"maxBoxSize":{"__type__":"cc.Size","width":200,"height":180},"minBoxLeftX":-415,"maxBoxRigthX":415,"minBoxYInterval":400,"maxBoxYInterval":450,"createStarRatio":0.8},{"__type__":"656a6FsQDVCWJyL1c1ZyU3W","node":{"__id__":2},"dialogPrefab":{"__uuid__":"f8l9+XwvJE+bPGFS7njIRq"},"inviteContentPrefab":{"__uuid__":"08xDJ7UV1ElrgUfK+OTovO"},"inviteBtnPrefab":{"__uuid__":"a3gDZA2+ZA95ig1dR8o2rS"}}],"_prefab":{"__type__":"cc.PrefabInfo","root":{"__id__":2},"asset":{"__uuid__":"84qXgVjZRBuoHb8MilBtHp"},"fileId":"12yGfagHNDJ7yqnCi2vsu9"},"_id":"12yGfagHNDJ7yqnCi2vsu9","_contentSize":{"__type__":"cc.Size","width":1080,"height":1920},"_position":{"__type__":"cc.Vec2","x":540,"y":960}},{"__type__":"cc.Node","_name":"grounds","_parent":{"__id__":2},"_components":[{"__type__":"cc.Sprite","node":{"__id__":3},"_spriteFrame":{"__uuid__":"1ehX11tRJP54xeLPsuYH+Y"},"_sizeMode":0},{"__type__":"cc.RigidBody","node":{"__id__":3},"_type":0},{"__type__":"cc.PhysicsBoxCollider","node":{"__id__":3},"_friction":0.6,"_size":{"__type__":"cc.Size","width":1080,"height":754}}],"_prefab":{"__type__":"cc.PrefabInfo","root":{"__id__":2},"asset":{"__uuid__":"84qXgVjZRBuoHb8MilBtHp"},"fileId":"a91WnUUmNLubrOwFJFzNc9"},"_contentSize":{"__type__":"cc.Size","width":1080,"height":754},"_position":{"__type__":"cc.Vec2","y":-583}},{"__type__":"cc.Node","_name":"castal","_parent":{"__id__":2},"_components":[{"__type__":"cc.Sprite","node":{"__id__":4},"_spriteFrame":{"__uuid__":"76lm6K7cRGfrATEz1YWfIw"}}],"_prefab":{"__type__":"cc.PrefabInfo","root":{"__id__":2},"asset":{"__uuid__":"84qXgVjZRBuoHb8MilBtHp"},"fileId":"6ev/KKsOxDY5wRFppUWOO4"},"_contentSize":{"__type__":"cc.Size","width":1051,"height":919}},{"__type__":"cc.Node","_name":"player_control","_parent":{"__id__":2},"_children":[{"__id__":6},{"__id__":7}],"_components":[{"__type__":"cc.RigidBody","node":{"__id__":5},"_gravityScale":50,"_linearDamping":1,"_fixedRotation":true},{"__type__":"cc.PhysicsBoxCollider","node":{"__id__":5},"_friction":0.3,"_restitution":0.2,"_size":{"__type__":"cc.Size","width":120,"height":120}},{"__type__":"8dc8aCRGlBAQJopcIaLBJYR","node":{"__id__":5},"impulseRatio":120,"maxImpluseX":48000,"maxImpluseY":48000,"maxLineLength":800,"minScaleRatio":1,"playerIcon":{"__id__":6},"graphicsPannel":{"__id__":8},"tremblingFrames":5,"grabDist":{"__type__":"cc.Size","width":100,"height":100}},{"__type__":"cc.RevoluteJoint","node":{"__id__":5},"anchor":{"__type__":"cc.Vec2","x":-60,"y":60}},{"__type__":"cc.RevoluteJoint","node":{"__id__":5},"anchor":{"__type__":"cc.Vec2","x":60,"y":60}}],"_prefab":{"__type__":"cc.PrefabInfo","root":{"__id__":2},"asset":{"__uuid__":"84qXgVjZRBuoHb8MilBtHp"},"fileId":"5cEuP4zkJC5rqh2zeFAy50"},"_contentSize":{"__type__":"cc.Size","width":120,"height":120},"_position":{"__type__":"cc.Vec2","y":865}},{"__type__":"cc.Node","_name":"player","_parent":{"__id__":5},"_components":[{"__type__":"dragonBones.ArmatureDisplay","node":{"__id__":6},"_armatureName":"armatureName","_animationName":"idle","playTimes":0,"_N$dragonAsset":{"__uuid__":"50BRvqrUJIZ46xmbARdIgb"},"_N$dragonAtlasAsset":{"__uuid__":"abYBke9ARA74JJShfypiTW"}}],"_prefab":{"__type__":"cc.PrefabInfo","root":{"__id__":2},"asset":{"__uuid__":"84qXgVjZRBuoHb8MilBtHp"},"fileId":"02PQZhkAlDh72Gn0DkYvS4"},"_scaleX":0.7,"_scaleY":0.7,"_position":{"__type__":"cc.Vec2","y":-60}},{"__type__":"cc.Node","_name":"graphicsPanel","_parent":{"__id__":5},"_components":[{"__id__":8}],"_prefab":{"__type__":"cc.PrefabInfo","root":{"__id__":2},"asset":{"__uuid__":"84qXgVjZRBuoHb8MilBtHp"},"fileId":"a2MRC52JtCYp8K/ST+hiGm"},"_contentSize":{"__type__":"cc.Size","width":1000,"height":1000},"_position":{"__type__":"cc.Vec2","x":2.2737367544323206e-13}},{"__type__":"cc.Graphics","node":{"__id__":7},"_lineWidth":5,"_strokeColor":{"__type__":"cc.Color","r":248,"g":243,"b":243},"_lineJoin":1,"_lineCap":1,"_fillColor":{"__type__":"cc.Color","r":250,"g":247,"b":247},"_miterLimit":11},{"__type__":"cc.Node","_name":"camera_control","_parent":{"__id__":2},"_children":[{"__id__":10}],"_components":[{"__type__":"cc.Widget","node":{"__id__":9},"_alignFlags":45},{"__type__":"c91b9356chLdpz8rTtL7ufe","node":{"__id__":9},"focus":{"__id__":5}}],"_prefab":{"__type__":"cc.PrefabInfo","root":{"__id__":2},"asset":{"__uuid__":"84qXgVjZRBuoHb8MilBtHp"},"fileId":"641EZC3/NJCZWQSrQ/pQwH"},"_contentSize":{"__type__":"cc.Size","width":1080,"height":1920}},{"__type__":"cc.Node","_name":"camera","_parent":{"__id__":9},"_components":[{"__id__":11},{"__type__":"cc.Widget","node":{"__id__":10},"_alignFlags":45}],"_prefab":{"__type__":"cc.PrefabInfo","root":{"__id__":2},"asset":{"__uuid__":"84qXgVjZRBuoHb8MilBtHp"},"fileId":"e9wP6g6hJP3JC6d7e114C8"},"_contentSize":{"__type__":"cc.Size","width":1080,"height":1920}},{"__type__":"cc.Camera","node":{"__id__":10},"_targets":[{"__id__":5},{"__id__":3},{"__id__":4}]},{"__type__":"cc.Node","_name":"score_layer","_parent":{"__id__":2},"_children":[{"__id__":13},{"__id__":15},{"__id__":16}],"_components":[{"__type__":"cc.Sprite","node":{"__id__":12},"_spriteFrame":{"__uuid__":"7d0w2iDadDzYJLAake7HMr"}}],"_prefab":{"__type__":"cc.PrefabInfo","root":{"__id__":2},"asset":{"__uuid__":"84qXgVjZRBuoHb8MilBtHp"},"fileId":"9eG2ZgqM9EaZnAfeekKvr0"},"_contentSize":{"__type__":"cc.Size","width":339,"height":224},"_position":{"__type__":"cc.Vec2","x":-371,"y":801}},{"__type__":"cc.Node","_name":"score","_parent":{"__id__":12},"_components":[{"__id__":14},{"__type__":"cc.Widget","node":{"__id__":13},"_alignFlags":18,"_top":92,"_verticalCenter":20,"_originalWidth":44}],"_prefab":{"__type__":"cc.PrefabInfo","root":{"__id__":2},"asset":{"__uuid__":"84qXgVjZRBuoHb8MilBtHp"},"fileId":"0aC8SqHZ9CJ6mdNJPIe5aF"},"_contentSize":{"__type__":"cc.Size","width":56,"height":100},"_position":{"__type__":"cc.Vec2","y":20}},{"__type__":"cc.Label","node":{"__id__":13},"_useOriginalSize":false,"_actualFontSize":100,"_fontSize":100,"_lineHeight":100,"_N$string":"0","_N$horizontalAlign":2,"_N$verticalAlign":1},{"__type__":"cc.Node","_name":"history_label","_parent":{"__id__":12},"_components":[{"__type__":"cc.Label","node":{"__id__":15},"_useOriginalSize":false,"_N$string":"历史最佳:","_N$horizontalAlign":1,"_N$verticalAlign":1},{"__type__":"cc.Widget","node":{"__id__":15},"_alignFlags":12,"_left":19.5,"_bottom":30}],"_prefab":{"__type__":"cc.PrefabInfo","root":{"__id__":2},"asset":{"__uuid__":"84qXgVjZRBuoHb8MilBtHp"},"fileId":"d1cddH/doRNQ4Aodz8556bh"},"_contentSize":{"__type__":"cc.Size","width":171,"height":40},"_position":{"__type__":"cc.Vec2","x":-64.5,"y":-62}},{"__type__":"cc.Node","_name":"history_best","_parent":{"__id__":12},"_components":[{"__id__":17},{"__type__":"cc.Widget","node":{"__id__":16},"_alignFlags":44,"_left":200,"_right":10,"_bottom":30,"_originalWidth":22}],"_prefab":{"__type__":"cc.PrefabInfo","root":{"__id__":2},"asset":{"__uuid__":"84qXgVjZRBuoHb8MilBtHp"},"fileId":"a7EyxjrkBHE66ONnyeU9Et"},"_contentSize":{"__type__":"cc.Size","width":129,"height":40},"_position":{"__type__":"cc.Vec2","x":95,"y":-62}},{"__type__":"cc.Label","node":{"__id__":16},"_useOriginalSize":false,"_N$string":"0","_N$verticalAlign":1,"_N$overflow":2},{"__type__":"cc.Node","_name":"btn_group","_parent":{"__id__":2},"_children":[{"__id__":19},{"__id__":23},{"__id__":22}],"_components":[{"__type__":"cc.Layout","node":{"__id__":18},"_layoutSize":{"__type__":"cc.Size","width":1080,"height":366}},{"__type__":"cc.Animation","node":{"__id__":18},"_clips":[{"__uuid__":"b1HqWPxH5EDZZxZFgyWkRy"},{"__uuid__":"e2tnJqCmJMypqqUgkVp3g5"}]},{"__type__":"1c4fffxViBNp44Qty/ez0/+","node":{"__id__":18},"btnGroup":{"__id__":18},"startGameBtn":{"__id__":21},"leaderBoardBtn":{"__id__":25},"shareBtn":{"__id__":27},"presentsBtn":{"__id__":29},"multiPlayerBtn":{"__id__":33}},{"__type__":"cc.Widget","node":{"__id__":18},"_alignFlags":40,"_originalWidth":920}],"_prefab":{"__type__":"cc.PrefabInfo","asset":{"__uuid__":"84qXgVjZRBuoHb8MilBtHp"},"fileId":"702CcjtLVDtI106A1y0Y8q"},"_color":{"__type__":"cc.Color","r":167,"g":167,"b":167},"_contentSize":{"__type__":"cc.Size","width":1080,"height":366},"_position":{"__type__":"cc.Vec2","y":-1148}},{"__type__":"cc.Node","_name":"start_game","_parent":{"__id__":18},"_children":[{"__id__":20}],"_components":[{"__type__":"cc.Sprite","node":{"__id__":19},"_spriteFrame":{"__uuid__":"d5GZ0edBlHeoQurmULLCol"},"_type":1,"_sizeMode":0},{"__id__":21},{"__type__":"cc.Widget","node":{"__id__":19},"_enabled":false,"_alignFlags":17}],"_prefab":{"__type__":"cc.PrefabInfo","asset":{"__uuid__":"84qXgVjZRBuoHb8MilBtHp"},"fileId":"2bgnwdFBxNepd7dkhsa+oU"},"_contentSize":{"__type__":"cc.Size","width":519,"height":170},"_position":{"__type__":"cc.Vec2","y":98}},{"__type__":"cc.Node","_name":"start_game_label","_parent":{"__id__":19},"_components":[{"__type__":"cc.Label","node":{"__id__":20},"_useOriginalSize":false,"_actualFontSize":80,"_fontSize":80,"_lineHeight":80,"_enableWrapText":false,"_N$string":"开始游戏","_N$horizontalAlign":1,"_N$verticalAlign":1,"_N$overflow":1},{"__type__":"cc.Widget","node":{"__id__":20},"_alignFlags":45,"_bottom":10,"_originalWidth":100,"_originalHeight":40}],"_prefab":{"__type__":"cc.PrefabInfo","asset":{"__uuid__":"84qXgVjZRBuoHb8MilBtHp"},"fileId":"49K3i1f7tLk5gVvXr7kdKv"},"_contentSize":{"__type__":"cc.Size","width":519,"height":160},"_position":{"__type__":"cc.Vec2","y":5}},{"__type__":"cc.Button","node":{"__id__":19},"transition":2,"pressedColor":{"__type__":"cc.Color","r":255,"g":255,"b":255},"clickEvents":[{"__type__":"cc.ClickEvent","target":{"__id__":22},"component":"BtnGroupClicks","handler":"onStartGameBtnClicked"}],"_N$enableAutoGrayEffect":true,"_N$normalColor":{"__type__":"cc.Color","r":255,"g":255,"b":255},"_N$disabledColor":{"__type__":"cc.Color","r":255,"g":255,"b":255},"_N$normalSprite":{"__uuid__":"d5GZ0edBlHeoQurmULLCol"},"_N$pressedSprite":{"__uuid__":"81YDhprMZCDK6E9EErFqhl"},"pressedSprite":{"__uuid__":"81YDhprMZCDK6E9EErFqhl"},"_N$target":{"__id__":19}},{"__type__":"cc.Node","_name":"BtnGroupClicks","_parent":{"__id__":18},"_components":[{"__type__":"f8783oROvlEU4FvQVkPetC8","node":{"__id__":22},"canvasNode":{"__id__":2},"btnGroup":{"__id__":18}}],"_prefab":{"__type__":"cc.PrefabInfo","asset":{"__uuid__":"84qXgVjZRBuoHb8MilBtHp"},"fileId":"67Ysz8T7ZFfoDYIw+8dw6V"}},{"__type__":"cc.Node","_name":"action_layout","_parent":{"__id__":18},"_children":[{"__id__":24},{"__id__":26},{"__id__":28},{"__id__":30}],"_components":[{"__type__":"cc.Layout","node":{"__id__":23},"_layoutSize":{"__type__":"cc.Size","width":904,"height":135},"_resize":1,"_N$layoutType":1,"_N$spacingX":70},{"__type__":"cc.Widget","node":{"__id__":23},"_alignFlags":44,"_left":88,"_right":88,"_originalWidth":200}],"_color":{"__type__":"cc.Color","r":167,"g":167,"b":167},"_contentSize":{"__type__":"cc.Size","width":904,"height":135},"_position":{"__type__":"cc.Vec2","y":-115.5}},{"__type__":"cc.Node","_name":"leaderboard_btn","_parent":{"__id__":23},"_components":[{"__type__":"cc.Sprite","node":{"__id__":24},"_spriteFrame":{"__uuid__":"48VJiBcmRFKLK0aIfcwp86"},"_type":1,"_sizeMode":0},{"__id__":25},{"__type__":"cc.Widget","node":{"__id__":24},"_alignFlags":12}],"_contentSize":{"__type__":"cc.Size","width":135,"height":135},"_position":{"__type__":"cc.Vec2","x":-384.5}},{"__type__":"cc.Button","node":{"__id__":24},"transition":2,"pressedColor":{"__type__":"cc.Color","r":255,"g":255,"b":255},"clickEvents":[{"__type__":"cc.ClickEvent","target":{"__id__":22},"component":"BtnGroupClicks","handler":"onLeaderBoardBtnClicked"}],"_N$enableAutoGrayEffect":true,"_N$normalColor":{"__type__":"cc.Color","r":255,"g":255,"b":255},"_N$disabledColor":{"__type__":"cc.Color","r":255,"g":255,"b":255},"_N$normalSprite":{"__uuid__":"48VJiBcmRFKLK0aIfcwp86"},"_N$pressedSprite":{"__uuid__":"2a0N9hE21HMZmbdWyeINKq"},"pressedSprite":{"__uuid__":"2a0N9hE21HMZmbdWyeINKq"},"_N$target":{"__id__":24}},{"__type__":"cc.Node","_name":"share_btn","_parent":{"__id__":23},"_components":[{"__type__":"cc.Sprite","node":{"__id__":26},"_spriteFrame":{"__uuid__":"23cvp/6kNGEI5YapxvYsVL"},"_type":1,"_sizeMode":0},{"__id__":27},{"__type__":"cc.Widget","node":{"__id__":26},"_alignFlags":20,"_horizontalCenter":-179.5}],"_contentSize":{"__type__":"cc.Size","width":135,"height":135},"_position":{"__type__":"cc.Vec2","x":-179.5}},{"__type__":"cc.Button","node":{"__id__":26},"transition":2,"pressedColor":{"__type__":"cc.Color","r":255,"g":255,"b":255},"_N$enableAutoGrayEffect":true,"_N$normalColor":{"__type__":"cc.Color","r":255,"g":255,"b":255},"_N$disabledColor":{"__type__":"cc.Color","r":255,"g":255,"b":255},"_N$normalSprite":{"__uuid__":"23cvp/6kNGEI5YapxvYsVL"},"_N$pressedSprite":{"__uuid__":"46CkWPhI5C54AbXH0wUDVH"},"pressedSprite":{"__uuid__":"46CkWPhI5C54AbXH0wUDVH"},"_N$target":{"__id__":26}},{"__type__":"cc.Node","_name":"presents_btn","_parent":{"__id__":23},"_components":[{"__type__":"cc.Sprite","node":{"__id__":28},"_spriteFrame":{"__uuid__":"48jyyILGhDi69WhRReV+Vp"},"_type":1,"_sizeMode":0},{"__id__":29},{"__type__":"cc.Widget","node":{"__id__":28},"_alignFlags":36,"_right":359}],"_contentSize":{"__type__":"cc.Size","width":135,"height":135},"_position":{"__type__":"cc.Vec2","x":25.5}},{"__type__":"cc.Button","node":{"__id__":28},"transition":2,"pressedColor":{"__type__":"cc.Color","r":255,"g":255,"b":255},"_N$enableAutoGrayEffect":true,"_N$normalColor":{"__type__":"cc.Color","r":255,"g":255,"b":255},"_N$disabledColor":{"__type__":"cc.Color","r":255,"g":255,"b":255},"_N$normalSprite":{"__uuid__":"48jyyILGhDi69WhRReV+Vp"},"_N$pressedSprite":{"__uuid__":"2az27RtChEVaTs73b7038q"},"pressedSprite":{"__uuid__":"2az27RtChEVaTs73b7038q"},"_N$target":{"__id__":28}},{"__type__":"cc.Node","_name":"start_multi_player_btn","_parent":{"__id__":23},"_children":[{"__id__":31},{"__id__":32}],"_components":[{"__type__":"cc.Sprite","node":{"__id__":30},"_spriteFrame":{"__uuid__":"5dNTNZp0dLNZEfqcwVMcMi"},"_type":1,"_sizeMode":0},{"__id__":33}],"_contentSize":{"__type__":"cc.Size","width":289,"height":136},"_position":{"__type__":"cc.Vec2","x":307.5}},{"__type__":"cc.Node","_name":"multi_player_logo","_parent":{"__id__":30},"_components":[{"__type__":"cc.Sprite","node":{"__id__":31},"_spriteFrame":{"__uuid__":"b2ZMeCezlDprFGIJLmpgqM"},"_sizeMode":0},{"__type__":"cc.Widget","node":{"__id__":31},"_alignFlags":2,"_verticalCenter":10}],"_contentSize":{"__type__":"cc.Size","width":75,"height":75},"_position":{"__type__":"cc.Vec2","x":-72.25,"y":10}},{"__type__":"cc.Node","_name":"multi_player_label","_parent":{"__id__":30},"_components":[{"__type__":"cc.Label","node":{"__id__":32},"_useOriginalSize":false,"_actualFontSize":70,"_fontSize":70,"_lineHeight":70,"_N$string":"双人","_N$horizontalAlign":1,"_N$verticalAlign":1},{"__type__":"cc.Widget","node":{"__id__":32},"_alignFlags":2,"_verticalCenter":3}],"_contentSize":{"__type__":"cc.Size","width":140,"height":70},"_position":{"__type__":"cc.Vec2","x":49,"y":3}},{"__type__":"cc.Button","node":{"__id__":30},"transition":2,"pressedColor":{"__type__":"cc.Color","r":255,"g":255,"b":255},"clickEvents":[{"__type__":"cc.ClickEvent","target":{"__id__":22},"component":"BtnGroupClicks","handler":"onMultiPlayerBtnClicked"}],"_N$enableAutoGrayEffect":true,"_N$normalColor":{"__type__":"cc.Color","r":255,"g":255,"b":255},"_N$disabledColor":{"__type__":"cc.Color","r":255,"g":255,"b":255},"_N$normalSprite":{"__uuid__":"5dNTNZp0dLNZEfqcwVMcMi"},"_N$pressedSprite":{"__uuid__":"3fagOs6I9KBKHqkWGaQzMO"},"pressedSprite":{"__uuid__":"3fagOs6I9KBKHqkWGaQzMO"},"_N$target":{"__id__":30}}],{"__type__":"cc.SpriteFrame","content":{"name":"castal","texture":"a6dYcB78pNVrQNmo0DtUfF","rect":[0,0,1051,919],"offset":[0,0],"originalSize":[1051,919]}},{"__type__":"cc.SpriteFrame","content":{"name":"score_layer","texture":"07+flMfr5MJaqnpcmtBIWv","rect":[0,0,339,224],"offset":[0,0],"originalSize":[339,224]}},{"__type__":"cc.SpriteFrame","content":{"name":"btn_blue_pressed","texture":"7aoETJzE1Pr7TZ43K+gD3n","rect":[0,0,519,167],"offset":[0,0],"originalSize":[519,167],"capInsets":[45,30,45,42]}},{"__type__":"cc.SpriteFrame","content":{"name":"multi_player_logo","texture":"33FG56dcFO2oyjEw8zMcy0","rect":[0,0,152,150],"offset":[0,0],"originalSize":[152,150]}},{"__type__":"cc.SpriteFrame","content":{"name":"btn_blue","texture":"19PZN8sItOfapsUa/BDyNI","rect":[0,0,519,167],"offset":[0,0],"originalSize":[519,167],"capInsets":[45,30,45,42]}}]