[[{"__type__":"cc.Prefab","_name":"multiplayer_notice_content","data":{"__id__":1},"asyncLoadAssets":null},{"__type__":"cc.Node","_name":"multiplayer_notice_content","_children":[{"__id__":2},{"__id__":3}],"_components":[{"__type__":"cc.Widget","node":{"__id__":1},"_alignFlags":45,"_originalWidth":98,"_originalHeight":40},{"__type__":"cc.Layout","node":{"__id__":1},"_resize":2,"_N$layoutType":2,"_N$paddingTop":56,"_N$spacingY":61}],"_prefab":{"__type__":"cc.PrefabInfo","root":{"__id__":1},"asset":{"__id__":0},"fileId":"a98zQTcipGDJw8jv7OGM9v"},"_contentSize":{"__type__":"cc.Size","width":871,"height":393}},{"__type__":"cc.Node","_name":"multiplayer_notice_title","_parent":{"__id__":1},"_components":[{"__type__":"cc.Label","node":{"__id__":2},"_useOriginalSize":false,"_actualFontSize":51,"_fontSize":51,"_lineHeight":51,"_N$string":"想要和好友来一局较量?","_N$horizontalAlign":1,"_N$verticalAlign":1},{"__type__":"cc.Widget","node":{"__id__":2},"_alignFlags":16}],"_prefab":{"__type__":"cc.PrefabInfo","root":{"__id__":1},"asset":{"__id__":0},"fileId":"7c1YAJBD9MR6yDJfbDOwmC"},"_contentSize":{"__type__":"cc.Size","width":538,"height":51},"_position":{"__type__":"cc.Vec2","y":115}},{"__type__":"cc.Node","_name":"multiplayer_notice_text","_parent":{"__id__":1},"_components":[{"__type__":"cc.Label","node":{"__id__":3},"_useOriginalSize":false,"_actualFontSize":45,"_fontSize":45,"_lineHeight":45,"_N$string":"点击下方发送按钮，即可将此邀请发送给好友，对方点击收到的链接 即可加入与你PK房间。","_N$horizontalAlign":1,"_N$verticalAlign":1,"_N$overflow":1},{"__type__":"cc.Widget","node":{"__id__":3},"_alignFlags":44,"_left":90,"_right":90,"_bottom":90,"_originalWidth":1636}],"_prefab":{"__type__":"cc.PrefabInfo","root":{"__id__":1},"asset":{"__id__":0},"fileId":"3bCwfVQ0ZEdpLHDfdQpee3"},"_opacity":132,"_contentSize":{"__type__":"cc.Size","width":691,"height":135},"_position":{"__type__":"cc.Vec2","y":-39}}],{"__type__":"cc.SpriteFrame","content":{"name":"success_light","texture":"09AGTEfDRJtavg+fhhVi5K","rect":[1,23,1052,1035],"offset":[0,-6],"originalSize":[1054,1069]}},[{"__type__":"cc.Prefab","_name":"connect_node","data":{"__id__":1},"asyncLoadAssets":null},{"__type__":"cc.Node","_name":"connect_node","_components":[{"__type__":"cc.RigidBody","node":{"__id__":1},"_type":0}],"_prefab":{"__type__":"cc.PrefabInfo","root":{"__id__":1},"asset":{"__uuid__":"16QpjfjTpK8KQXcY3l99VP"},"fileId":"baAbF7xAlPzKSBk65oeYg7"},"_contentSize":{"__type__":"cc.Size","width":10,"height":10}}],{"__type__":"cc.SpriteFrame","content":{"name":"challenge_fail","texture":"231Rt7vqFKpaMfPrAPGmZS","rect":[0,0,710,246],"offset":[0,0],"originalSize":[710,246]}},{"__type__":"cc.SpriteFrame","content":{"name":"ground","texture":"73qZi2WklJDoPXNm/ptrhx","rect":[0,0,1097,793],"offset":[0,0],"originalSize":[1097,793]}},{"__type__":"cc.AnimationClip","_name":"success_light_rotating","_duration":3,"wrapMode":2,"curveData":{"props":{"rotation":[{"frame":0,"value":0},{"frame":3,"value":360}]}}},{"__type__":"cc.SpriteFrame","content":{"name":"share_btn","texture":"6fo7VXmpZL9ofd12n3a9ST","rect":[0,0,132,135],"offset":[0,0],"originalSize":[132,135]}},{"__type__":"cc.SpriteFrame","content":{"name":"presents_btn_pressed","texture":"e7oOxCHFtH/blnJKmmB6ZL","rect":[0,0,132,135],"offset":[0,0],"originalSize":[132,135]}},{"__type__":"cc.SpriteFrame","content":{"name":"leaderboard_ btn_pressed","texture":"d3nvCoyTxPfYXodJaV+Ixc","rect":[0,0,132,135],"offset":[0,0],"originalSize":[132,135]}},{"__type__":"cc.SpriteFrame","content":{"name":"star","texture":"bdXfstMSNJoLT/SQRslXbG","rect":[0,0,61,59],"offset":[0,0],"originalSize":[61,59]}},[{"__type__":"cc.Prefab","_name":"righft_wall","data":{"__id__":1},"asyncLoadAssets":null},{"__type__":"cc.Node","_name":"righft_wall","_components":[{"__type__":"cc.Sprite","node":{"__id__":1},"_spriteFrame":{"__uuid__":"93Z2LUHZpNlqoE/FByk9R/"},"_sizeMode":0},{"__type__":"cc.RigidBody","node":{"__id__":1},"_type":0,"enabledContactListener":true},{"__type__":"cc.PhysicsBoxCollider","node":{"__id__":1},"_friction":0.1,"_restitution":1,"_size":{"__type__":"cc.Size","width":125,"height":1837}}],"_prefab":{"__type__":"cc.PrefabInfo","root":{"__id__":1},"asset":{"__uuid__":"35DZENMeJAjLQ0EUvgWMct"},"fileId":"78JRI/rIVHio9BcfAf632d"},"_contentSize":{"__type__":"cc.Size","width":125,"height":1837},"_position":{"__type__":"cc.Vec2","x":609,"y":1287}}],{"__type__":"cc.SpriteFrame","content":{"name":"btn_green_pressed","texture":"19zXhRasBFMqqEpd3IPPW4","rect":[0,0,288,142],"offset":[0,0],"originalSize":[288,142]}},{"__type__":"cc.SpriteFrame","content":{"name":"share_btn_pressed","texture":"ae1CV2HGpI6JFtBdIZUI0Z","rect":[0,0,132,135],"offset":[0,0],"originalSize":[132,135]}},{"__type__":"cc.SpriteFrame","content":{"name":"leaderboard_ btn","texture":"13t7plVyRJdrZ0ii+8K+fP","rect":[0,0,132,135],"offset":[0,0],"originalSize":[132,135]}},{"__type__":"cc.SpriteFrame","content":{"name":"presents_btn","texture":"a8dHOL9KtD8rSi+7fNuZWq","rect":[0,0,132,135],"offset":[0,0],"originalSize":[132,135]}},[{"__type__":"cc.Prefab","_name":"star","data":{"__id__":1},"asyncLoadAssets":null},{"__type__":"cc.Node","_name":"star","_components":[{"__type__":"cc.Sprite","node":{"__id__":1},"_spriteFrame":{"__uuid__":"2dbLLx4H9CJLcKu/3YQE+y"}},{"__type__":"cc.Animation","node":{"__id__":1},"_defaultClip":{"__uuid__":"71P8NAxnlG2o3DRZQUxMqh"},"_clips":[{"__uuid__":"86BqkdexdBF4xvjd2PbocP"},{"__uuid__":"71P8NAxnlG2o3DRZQUxMqh"}],"playOnLoad":true},{"__type__":"aa1940yIHFAHqjF8PO3cqAS","node":{"__id__":1}}],"_prefab":{"__type__":"cc.PrefabInfo","root":{"__id__":1},"asset":{"__uuid__":"4fJ79Y91lL4pLOw2blMbbV"},"fileId":"f2GAbspdJNhLA4zINELBH2"},"_contentSize":{"__type__":"cc.Size","width":61,"height":59},"_position":{"__type__":"cc.Vec2","x":315,"y":990}}],{"__type__":"cc.SpriteFrame","content":{"name":"dialog_title_bg","texture":"bfZea0ALdCtK9/OmhAAhib","rect":[0,0,1020,174],"offset":[0,0],"originalSize":[1020,174]}},{"__type__":"cc.SpriteFrame","content":{"name":"challenge_success","texture":"b3LDHZVytOiahJLPiDKOdC","rect":[0,0,710,246],"offset":[0,0],"originalSize":[710,246]}},{"__type__":"cc.SpriteFrame","content":{"name":"btn_yellow","texture":"75QhNeMGBMMYGkBmzWtMSP","rect":[0,0,369,167],"offset":[0,0],"originalSize":[369,167]}},{"__type__":"cc.SpriteFrame","content":{"name":"btn_green","texture":"f67sHu+eRI3bEOjofxz9hq","rect":[0,0,288,142],"offset":[0,0],"originalSize":[288,142]}},[{"__type__":"cc.Prefab","_name":"fail_pannel","data":{"__id__":1},"asyncLoadAssets":null},{"__type__":"cc.Node","_name":"fail_pannel","_children":[{"__id__":2}],"_components":[{"__type__":"cc.Widget","node":{"__id__":1},"_alignFlags":45,"_left":-1.1368683772161603e-13,"_right":1.1368683772161603e-13}],"_prefab":{"__type__":"cc.PrefabInfo","root":{"__id__":1},"asset":{"__uuid__":"6azv4DrHhKTYw+DiGXdc+5"},"fileId":"11/mEzwktP6otix1XH4Ruj"},"_contentSize":{"__type__":"cc.Size","width":1080,"height":1920},"_position":{"__type__":"cc.Vec2","x":539.9999999999999,"y":960}},{"__type__":"cc.Node","_name":"challenge_fail","_parent":{"__id__":1},"_components":[{"__type__":"cc.Sprite","node":{"__id__":2},"_spriteFrame":{"__uuid__":"18E1ZRGFVAgKTordlFv5fs"}},{"__type__":"cc.Widget","node":{"__id__":2},"_alignFlags":18,"_verticalCenter":265}],"_prefab":{"__type__":"cc.PrefabInfo","root":{"__id__":1},"asset":{"__uuid__":"6azv4DrHhKTYw+DiGXdc+5"},"fileId":"96bcNENlROC7WO/QaIj7O4"},"_contentSize":{"__type__":"cc.Size","width":710,"height":246},"_position":{"__type__":"cc.Vec2","y":265}}],{"__type__":"cc.AnimationClip","_name":"star_reverse","_duration":0.8333333333333334,"wrapMode":2,"curveData":{"props":{"scaleX":[{"frame":0,"value":1,"curve":"cubicInOut"},{"frame":0.4166666666666667,"value":-1,"curve":"cubicInOut"},{"frame":0.8333333333333334,"value":1}]}}},{"__type__":"cc.SpriteFrame","content":{"name":"castal","texture":"a6dYcB78pNVrQNmo0DtUfF","rect":[0,0,1051,919],"offset":[0,0],"originalSize":[1051,919]}},{"__type__":"cc.SpriteFrame","content":{"name":"dialog_outer_bg","texture":"07BeHJ+KhKmbFlOQkhb+N1","rect":[0,0,223,220],"offset":[0,0],"originalSize":[223,220],"capInsets":[45,45,45,45]}},{"__type__":"cc.SpriteFrame","content":{"name":"score_layer","texture":"07+flMfr5MJaqnpcmtBIWv","rect":[0,0,339,224],"offset":[0,0],"originalSize":[339,224]}},{"__type__":"cc.SpriteFrame","content":{"name":"btn_blue_pressed","texture":"7aoETJzE1Pr7TZ43K+gD3n","rect":[0,0,519,167],"offset":[0,0],"originalSize":[519,167],"capInsets":[45,30,45,42]}},[{"__type__":"cc.Prefab","_name":"game","data":{"__id__":1},"asyncLoadAssets":null},{"__type__":"cc.Node","_name":"game","_children":[{"__id__":2},{"__id__":3},{"__id__":4},{"__id__":8},{"__id__":11},{"__id__":17}],"_components":[{"__type__":"cc.Canvas","node":{"__id__":1},"_designResolution":{"__type__":"cc.Size","width":1080,"height":1920},"_fitWidth":true,"_fitHeight":false},{"__type__":"d1d6dJ/f9FB2owvsXrWHMB/","node":{"__id__":1},"gravity":-100,"playerControl":{"__id__":4},"castalNode":{"__id__":3},"camera":{"__id__":10},"scoreLabel":{"__id__":13},"leftWallPrefab":{"__uuid__":"b2aObkMx1IiKC2Tc+X9CnZ"},"rightWallPrefab":{"__uuid__":"35DZENMeJAjLQ0EUvgWMct"},"backgroundPrefab":{"__uuid__":"b0SEleW/9FAqOwRCLAgsoY"},"leftWallInitPosition":{"__type__":"cc.Vec2","x":-477,"y":438},"rightWallInitPosition":{"__type__":"cc.Vec2","x":477,"y":438},"backgroundInitPosition":{"__type__":"cc.Vec2","y":752},"resultPannelPrefab":{"__uuid__":"a5LpEfoStDP5XUG36Sedvf"},"historyBestLabel":{"__id__":16},"btnGroup":{"__id__":17}},{"__type__":"472damY6+BIPo61+5NAyNND","node":{"__id__":1},"target":{"__id__":4},"boxPrefab":{"__uuid__":"e9NYz0nBFOtp2Z6j414DMS"},"connectNodePrefab":{"__uuid__":"16QpjfjTpK8KQXcY3l99VP"},"starPrefab":{"__uuid__":"4fJ79Y91lL4pLOw2blMbbV"},"camera":{"__id__":10},"onceCreatedCount":1,"minBoxSize":{"__type__":"cc.Size","width":166,"height":144},"maxBoxSize":{"__type__":"cc.Size","width":200,"height":180},"minBoxLeftX":-415,"maxBoxRigthX":415,"minBoxYInterval":400,"maxBoxYInterval":450,"createStarRatio":0.8},{"__type__":"656a6FsQDVCWJyL1c1ZyU3W","node":{"__id__":1},"dialogPrefab":{"__uuid__":"f8l9+XwvJE+bPGFS7njIRq"},"inviteContentPrefab":{"__uuid__":"08xDJ7UV1ElrgUfK+OTovO"},"inviteBtnPrefab":{"__uuid__":"a3gDZA2+ZA95ig1dR8o2rS"}}],"_prefab":{"__type__":"cc.PrefabInfo","root":{"__id__":1},"asset":{"__uuid__":"84qXgVjZRBuoHb8MilBtHp"},"fileId":"12yGfagHNDJ7yqnCi2vsu9"},"_contentSize":{"__type__":"cc.Size","width":1080,"height":1920},"_position":{"__type__":"cc.Vec2","x":540,"y":960}},{"__type__":"cc.Node","_name":"grounds","_parent":{"__id__":1},"_components":[{"__type__":"cc.Sprite","node":{"__id__":2},"_spriteFrame":{"__uuid__":"1ehX11tRJP54xeLPsuYH+Y"},"_sizeMode":0},{"__type__":"cc.RigidBody","node":{"__id__":2},"_type":0},{"__type__":"cc.PhysicsBoxCollider","node":{"__id__":2},"_friction":0.6,"_size":{"__type__":"cc.Size","width":1080,"height":754}}],"_prefab":{"__type__":"cc.PrefabInfo","root":{"__id__":1},"asset":{"__uuid__":"84qXgVjZRBuoHb8MilBtHp"},"fileId":"a91WnUUmNLubrOwFJFzNc9"},"_contentSize":{"__type__":"cc.Size","width":1080,"height":754},"_position":{"__type__":"cc.Vec2","y":-583}},{"__type__":"cc.Node","_name":"castal","_parent":{"__id__":1},"_components":[{"__type__":"cc.Sprite","node":{"__id__":3},"_spriteFrame":{"__uuid__":"76lm6K7cRGfrATEz1YWfIw"}}],"_prefab":{"__type__":"cc.PrefabInfo","root":{"__id__":1},"asset":{"__uuid__":"84qXgVjZRBuoHb8MilBtHp"},"fileId":"6ev/KKsOxDY5wRFppUWOO4"},"_contentSize":{"__type__":"cc.Size","width":1051,"height":919}},{"__type__":"cc.Node","_name":"player_control","_parent":{"__id__":1},"_children":[{"__id__":5},{"__id__":6}],"_components":[{"__type__":"cc.RigidBody","node":{"__id__":4},"_gravityScale":50,"_linearDamping":1,"_fixedRotation":true},{"__type__":"cc.PhysicsBoxCollider","node":{"__id__":4},"_friction":0.3,"_restitution":0.2,"_size":{"__type__":"cc.Size","width":120,"height":120}},{"__type__":"8dc8aCRGlBAQJopcIaLBJYR","node":{"__id__":4},"impulseRatio":120,"maxImpluseX":48000,"maxImpluseY":48000,"maxLineLength":800,"minScaleRatio":1,"playerIcon":{"__id__":5},"graphicsPannel":{"__id__":7},"tremblingFrames":5,"grabDist":{"__type__":"cc.Size","width":100,"height":100}},{"__type__":"cc.RevoluteJoint","node":{"__id__":4},"anchor":{"__type__":"cc.Vec2","x":-60,"y":60}},{"__type__":"cc.RevoluteJoint","node":{"__id__":4},"anchor":{"__type__":"cc.Vec2","x":60,"y":60}}],"_prefab":{"__type__":"cc.PrefabInfo","root":{"__id__":1},"asset":{"__uuid__":"84qXgVjZRBuoHb8MilBtHp"},"fileId":"5cEuP4zkJC5rqh2zeFAy50"},"_contentSize":{"__type__":"cc.Size","width":120,"height":120},"_position":{"__type__":"cc.Vec2","y":865}},{"__type__":"cc.Node","_name":"player","_parent":{"__id__":4},"_components":[{"__type__":"dragonBones.ArmatureDisplay","node":{"__id__":5},"_armatureName":"armatureName","_animationName":"idle","playTimes":0}],"_prefab":{"__type__":"cc.PrefabInfo","root":{"__id__":1},"asset":{"__uuid__":"84qXgVjZRBuoHb8MilBtHp"},"fileId":"02PQZhkAlDh72Gn0DkYvS4"},"_scaleX":0.7,"_scaleY":0.7,"_position":{"__type__":"cc.Vec2","y":-60}},{"__type__":"cc.Node","_name":"graphicsPanel","_parent":{"__id__":4},"_components":[{"__id__":7}],"_prefab":{"__type__":"cc.PrefabInfo","root":{"__id__":1},"asset":{"__uuid__":"84qXgVjZRBuoHb8MilBtHp"},"fileId":"a2MRC52JtCYp8K/ST+hiGm"},"_contentSize":{"__type__":"cc.Size","width":1000,"height":1000},"_position":{"__type__":"cc.Vec2","x":2.2737367544323206e-13}},{"__type__":"cc.Graphics","node":{"__id__":6},"_lineWidth":5,"_strokeColor":{"__type__":"cc.Color","r":248,"g":243,"b":243},"_lineJoin":1,"_lineCap":1,"_fillColor":{"__type__":"cc.Color","r":250,"g":247,"b":247},"_miterLimit":11},{"__type__":"cc.Node","_name":"camera_control","_parent":{"__id__":1},"_children":[{"__id__":9}],"_components":[{"__type__":"cc.Widget","node":{"__id__":8},"_alignFlags":45},{"__type__":"c91b9356chLdpz8rTtL7ufe","node":{"__id__":8},"focus":{"__id__":4}}],"_prefab":{"__type__":"cc.PrefabInfo","root":{"__id__":1},"asset":{"__uuid__":"84qXgVjZRBuoHb8MilBtHp"},"fileId":"641EZC3/NJCZWQSrQ/pQwH"},"_contentSize":{"__type__":"cc.Size","width":1080,"height":1920}},{"__type__":"cc.Node","_name":"camera","_parent":{"__id__":8},"_components":[{"__id__":10},{"__type__":"cc.Widget","node":{"__id__":9},"_alignFlags":45}],"_prefab":{"__type__":"cc.PrefabInfo","root":{"__id__":1},"asset":{"__uuid__":"84qXgVjZRBuoHb8MilBtHp"},"fileId":"e9wP6g6hJP3JC6d7e114C8"},"_contentSize":{"__type__":"cc.Size","width":1080,"height":1920}},{"__type__":"cc.Camera","node":{"__id__":9},"_targets":[{"__id__":4},{"__id__":2},{"__id__":3}]},{"__type__":"cc.Node","_name":"score_layer","_parent":{"__id__":1},"_children":[{"__id__":12},{"__id__":14},{"__id__":15}],"_components":[{"__type__":"cc.Sprite","node":{"__id__":11},"_spriteFrame":{"__uuid__":"7d0w2iDadDzYJLAake7HMr"}}],"_prefab":{"__type__":"cc.PrefabInfo","root":{"__id__":1},"asset":{"__uuid__":"84qXgVjZRBuoHb8MilBtHp"},"fileId":"9eG2ZgqM9EaZnAfeekKvr0"},"_contentSize":{"__type__":"cc.Size","width":339,"height":224},"_position":{"__type__":"cc.Vec2","x":-371,"y":801}},{"__type__":"cc.Node","_name":"score","_parent":{"__id__":11},"_components":[{"__id__":13},{"__type__":"cc.Widget","node":{"__id__":12},"_alignFlags":18,"_top":92,"_verticalCenter":20,"_originalWidth":44}],"_prefab":{"__type__":"cc.PrefabInfo","root":{"__id__":1},"asset":{"__uuid__":"84qXgVjZRBuoHb8MilBtHp"},"fileId":"0aC8SqHZ9CJ6mdNJPIe5aF"},"_contentSize":{"__type__":"cc.Size","width":56,"height":100},"_position":{"__type__":"cc.Vec2","y":20}},{"__type__":"cc.Label","node":{"__id__":12},"_useOriginalSize":false,"_actualFontSize":100,"_fontSize":100,"_lineHeight":100,"_N$string":"0","_N$horizontalAlign":2,"_N$verticalAlign":1},{"__type__":"cc.Node","_name":"history_label","_parent":{"__id__":11},"_components":[{"__type__":"cc.Label","node":{"__id__":14},"_useOriginalSize":false,"_N$string":"历史最佳:","_N$horizontalAlign":1,"_N$verticalAlign":1},{"__type__":"cc.Widget","node":{"__id__":14},"_alignFlags":12,"_left":19.5,"_bottom":30}],"_prefab":{"__type__":"cc.PrefabInfo","root":{"__id__":1},"asset":{"__uuid__":"84qXgVjZRBuoHb8MilBtHp"},"fileId":"d1cddH/doRNQ4Aodz8556bh"},"_contentSize":{"__type__":"cc.Size","width":171,"height":40},"_position":{"__type__":"cc.Vec2","x":-64.5,"y":-62}},{"__type__":"cc.Node","_name":"history_best","_parent":{"__id__":11},"_components":[{"__id__":16},{"__type__":"cc.Widget","node":{"__id__":15},"_alignFlags":44,"_left":200,"_right":10,"_bottom":30,"_originalWidth":22}],"_prefab":{"__type__":"cc.PrefabInfo","root":{"__id__":1},"asset":{"__uuid__":"84qXgVjZRBuoHb8MilBtHp"},"fileId":"a7EyxjrkBHE66ONnyeU9Et"},"_contentSize":{"__type__":"cc.Size","width":129,"height":40},"_position":{"__type__":"cc.Vec2","x":95,"y":-62}},{"__type__":"cc.Label","node":{"__id__":15},"_useOriginalSize":false,"_N$string":"0","_N$verticalAlign":1,"_N$overflow":2},{"__type__":"cc.Node","_name":"btn_group","_parent":{"__id__":1},"_children":[{"__id__":18},{"__id__":22},{"__id__":21}],"_components":[{"__type__":"cc.Layout","node":{"__id__":17},"_layoutSize":{"__type__":"cc.Size","width":1080,"height":366}},{"__type__":"cc.Animation","node":{"__id__":17},"_clips":[{"__uuid__":"b1HqWPxH5EDZZxZFgyWkRy"},{"__uuid__":"e2tnJqCmJMypqqUgkVp3g5"}]},{"__type__":"1c4fffxViBNp44Qty/ez0/+","node":{"__id__":17},"btnGroup":{"__id__":17},"startGameBtn":{"__id__":20},"leaderBoardBtn":{"__id__":24},"shareBtn":{"__id__":26},"presentsBtn":{"__id__":28},"multiPlayerBtn":{"__id__":32}},{"__type__":"cc.Widget","node":{"__id__":17},"_alignFlags":40,"_originalWidth":920}],"_prefab":{"__type__":"cc.PrefabInfo","asset":{"__uuid__":"84qXgVjZRBuoHb8MilBtHp"},"fileId":"702CcjtLVDtI106A1y0Y8q"},"_color":{"__type__":"cc.Color","r":167,"g":167,"b":167},"_contentSize":{"__type__":"cc.Size","width":1080,"height":366},"_position":{"__type__":"cc.Vec2","y":-1148}},{"__type__":"cc.Node","_name":"start_game","_parent":{"__id__":17},"_children":[{"__id__":19}],"_components":[{"__type__":"cc.Sprite","node":{"__id__":18},"_spriteFrame":{"__uuid__":"d5GZ0edBlHeoQurmULLCol"},"_type":1,"_sizeMode":0},{"__id__":20},{"__type__":"cc.Widget","node":{"__id__":18},"_enabled":false,"_alignFlags":17}],"_prefab":{"__type__":"cc.PrefabInfo","asset":{"__uuid__":"84qXgVjZRBuoHb8MilBtHp"},"fileId":"2bgnwdFBxNepd7dkhsa+oU"},"_contentSize":{"__type__":"cc.Size","width":519,"height":170},"_position":{"__type__":"cc.Vec2","y":98}},{"__type__":"cc.Node","_name":"start_game_label","_parent":{"__id__":18},"_components":[{"__type__":"cc.Label","node":{"__id__":19},"_useOriginalSize":false,"_actualFontSize":80,"_fontSize":80,"_lineHeight":80,"_enableWrapText":false,"_N$string":"开始游戏","_N$horizontalAlign":1,"_N$verticalAlign":1,"_N$overflow":1},{"__type__":"cc.Widget","node":{"__id__":19},"_alignFlags":45,"_bottom":10,"_originalWidth":100,"_originalHeight":40}],"_prefab":{"__type__":"cc.PrefabInfo","asset":{"__uuid__":"84qXgVjZRBuoHb8MilBtHp"},"fileId":"49K3i1f7tLk5gVvXr7kdKv"},"_contentSize":{"__type__":"cc.Size","width":519,"height":160},"_position":{"__type__":"cc.Vec2","y":5}},{"__type__":"cc.Button","node":{"__id__":18},"transition":2,"pressedColor":{"__type__":"cc.Color","r":255,"g":255,"b":255},"clickEvents":[{"__type__":"cc.ClickEvent","target":{"__id__":21},"component":"BtnGroupClicks","handler":"onStartGameBtnClicked"}],"_N$enableAutoGrayEffect":true,"_N$normalColor":{"__type__":"cc.Color","r":255,"g":255,"b":255},"_N$disabledColor":{"__type__":"cc.Color","r":255,"g":255,"b":255},"_N$normalSprite":{"__uuid__":"d5GZ0edBlHeoQurmULLCol"},"_N$pressedSprite":{"__uuid__":"81YDhprMZCDK6E9EErFqhl"},"pressedSprite":{"__uuid__":"81YDhprMZCDK6E9EErFqhl"},"_N$target":{"__id__":18}},{"__type__":"cc.Node","_name":"BtnGroupClicks","_parent":{"__id__":17},"_components":[{"__type__":"f8783oROvlEU4FvQVkPetC8","node":{"__id__":21},"canvasNode":{"__id__":1},"btnGroup":{"__id__":17}}],"_prefab":{"__type__":"cc.PrefabInfo","asset":{"__uuid__":"84qXgVjZRBuoHb8MilBtHp"},"fileId":"67Ysz8T7ZFfoDYIw+8dw6V"}},{"__type__":"cc.Node","_name":"action_layout","_parent":{"__id__":17},"_children":[{"__id__":23},{"__id__":25},{"__id__":27},{"__id__":29}],"_components":[{"__type__":"cc.Layout","node":{"__id__":22},"_layoutSize":{"__type__":"cc.Size","width":904,"height":135},"_resize":1,"_N$layoutType":1,"_N$spacingX":70},{"__type__":"cc.Widget","node":{"__id__":22},"_alignFlags":44,"_left":88,"_right":88,"_originalWidth":200}],"_color":{"__type__":"cc.Color","r":167,"g":167,"b":167},"_contentSize":{"__type__":"cc.Size","width":904,"height":135},"_position":{"__type__":"cc.Vec2","y":-115.5}},{"__type__":"cc.Node","_name":"leaderboard_btn","_parent":{"__id__":22},"_components":[{"__type__":"cc.Sprite","node":{"__id__":23},"_spriteFrame":{"__uuid__":"48VJiBcmRFKLK0aIfcwp86"},"_type":1,"_sizeMode":0},{"__id__":24},{"__type__":"cc.Widget","node":{"__id__":23},"_alignFlags":12}],"_contentSize":{"__type__":"cc.Size","width":135,"height":135},"_position":{"__type__":"cc.Vec2","x":-384.5}},{"__type__":"cc.Button","node":{"__id__":23},"transition":2,"pressedColor":{"__type__":"cc.Color","r":255,"g":255,"b":255},"clickEvents":[{"__type__":"cc.ClickEvent","target":{"__id__":21},"component":"BtnGroupClicks","handler":"onLeaderBoardBtnClicked"}],"_N$enableAutoGrayEffect":true,"_N$normalColor":{"__type__":"cc.Color","r":255,"g":255,"b":255},"_N$disabledColor":{"__type__":"cc.Color","r":255,"g":255,"b":255},"_N$normalSprite":{"__uuid__":"48VJiBcmRFKLK0aIfcwp86"},"_N$pressedSprite":{"__uuid__":"2a0N9hE21HMZmbdWyeINKq"},"pressedSprite":{"__uuid__":"2a0N9hE21HMZmbdWyeINKq"},"_N$target":{"__id__":23}},{"__type__":"cc.Node","_name":"share_btn","_parent":{"__id__":22},"_components":[{"__type__":"cc.Sprite","node":{"__id__":25},"_spriteFrame":{"__uuid__":"23cvp/6kNGEI5YapxvYsVL"},"_type":1,"_sizeMode":0},{"__id__":26},{"__type__":"cc.Widget","node":{"__id__":25},"_alignFlags":20,"_horizontalCenter":-179.5}],"_contentSize":{"__type__":"cc.Size","width":135,"height":135},"_position":{"__type__":"cc.Vec2","x":-179.5}},{"__type__":"cc.Button","node":{"__id__":25},"transition":2,"pressedColor":{"__type__":"cc.Color","r":255,"g":255,"b":255},"_N$enableAutoGrayEffect":true,"_N$normalColor":{"__type__":"cc.Color","r":255,"g":255,"b":255},"_N$disabledColor":{"__type__":"cc.Color","r":255,"g":255,"b":255},"_N$normalSprite":{"__uuid__":"23cvp/6kNGEI5YapxvYsVL"},"_N$pressedSprite":{"__uuid__":"46CkWPhI5C54AbXH0wUDVH"},"pressedSprite":{"__uuid__":"46CkWPhI5C54AbXH0wUDVH"},"_N$target":{"__id__":25}},{"__type__":"cc.Node","_name":"presents_btn","_parent":{"__id__":22},"_components":[{"__type__":"cc.Sprite","node":{"__id__":27},"_spriteFrame":{"__uuid__":"48jyyILGhDi69WhRReV+Vp"},"_type":1,"_sizeMode":0},{"__id__":28},{"__type__":"cc.Widget","node":{"__id__":27},"_alignFlags":36,"_right":359}],"_contentSize":{"__type__":"cc.Size","width":135,"height":135},"_position":{"__type__":"cc.Vec2","x":25.5}},{"__type__":"cc.Button","node":{"__id__":27},"transition":2,"pressedColor":{"__type__":"cc.Color","r":255,"g":255,"b":255},"_N$enableAutoGrayEffect":true,"_N$normalColor":{"__type__":"cc.Color","r":255,"g":255,"b":255},"_N$disabledColor":{"__type__":"cc.Color","r":255,"g":255,"b":255},"_N$normalSprite":{"__uuid__":"48jyyILGhDi69WhRReV+Vp"},"_N$pressedSprite":{"__uuid__":"2az27RtChEVaTs73b7038q"},"pressedSprite":{"__uuid__":"2az27RtChEVaTs73b7038q"},"_N$target":{"__id__":27}},{"__type__":"cc.Node","_name":"start_multi_player_btn","_parent":{"__id__":22},"_children":[{"__id__":30},{"__id__":31}],"_components":[{"__type__":"cc.Sprite","node":{"__id__":29},"_spriteFrame":{"__uuid__":"5dNTNZp0dLNZEfqcwVMcMi"},"_type":1,"_sizeMode":0},{"__id__":32}],"_contentSize":{"__type__":"cc.Size","width":289,"height":136},"_position":{"__type__":"cc.Vec2","x":307.5}},{"__type__":"cc.Node","_name":"multi_player_logo","_parent":{"__id__":29},"_components":[{"__type__":"cc.Sprite","node":{"__id__":30},"_spriteFrame":{"__uuid__":"b2ZMeCezlDprFGIJLmpgqM"},"_sizeMode":0},{"__type__":"cc.Widget","node":{"__id__":30},"_alignFlags":2,"_verticalCenter":10}],"_contentSize":{"__type__":"cc.Size","width":75,"height":75},"_position":{"__type__":"cc.Vec2","x":-72.25,"y":10}},{"__type__":"cc.Node","_name":"multi_player_label","_parent":{"__id__":29},"_components":[{"__type__":"cc.Label","node":{"__id__":31},"_useOriginalSize":false,"_actualFontSize":70,"_fontSize":70,"_lineHeight":70,"_N$string":"双人","_N$horizontalAlign":1,"_N$verticalAlign":1},{"__type__":"cc.Widget","node":{"__id__":31},"_alignFlags":2,"_verticalCenter":3}],"_contentSize":{"__type__":"cc.Size","width":140,"height":70},"_position":{"__type__":"cc.Vec2","x":49,"y":3}},{"__type__":"cc.Button","node":{"__id__":29},"transition":2,"pressedColor":{"__type__":"cc.Color","r":255,"g":255,"b":255},"clickEvents":[{"__type__":"cc.ClickEvent","target":{"__id__":21},"component":"BtnGroupClicks","handler":"onMultiPlayerBtnClicked"}],"_N$enableAutoGrayEffect":true,"_N$normalColor":{"__type__":"cc.Color","r":255,"g":255,"b":255},"_N$disabledColor":{"__type__":"cc.Color","r":255,"g":255,"b":255},"_N$normalSprite":{"__uuid__":"5dNTNZp0dLNZEfqcwVMcMi"},"_N$pressedSprite":{"__uuid__":"3fagOs6I9KBKHqkWGaQzMO"},"pressedSprite":{"__uuid__":"3fagOs6I9KBKHqkWGaQzMO"},"_N$target":{"__id__":29}}],{"__type__":"cc.AnimationClip","_name":"star_dismiss","_duration":0.05,"curveData":{"props":{"scale":[{"frame":0,"value":{"__type__":"cc.Vec2","x":1,"y":1},"curve":"cubicOut"},{"frame":0.05,"value":{"__type__":"cc.Vec2"}}]}}},{"__type__":"cc.SpriteFrame","content":{"name":"background","texture":"14y2D34EJKNLnasRJ/hh40","rect":[0,0,1080,1916],"offset":[0,0],"originalSize":[1080,1916]}},{"__type__":"cc.SpriteFrame","content":{"name":"wall","texture":"75viae60FLhaLIl367ECl6","rect":[0,0,125,1837],"offset":[0,0],"originalSize":[125,1837]}},{"__type__":"cc.AnimationClip","_name":"dialog_pop_out","_duration":0.26666666666666666,"curveData":{"props":{"scaleX":[{"frame":0,"value":0.5,"curve":"cubicIn"},{"frame":0.2,"value":1.2},{"frame":0.26666666666666666,"value":1}],"scaleY":[{"frame":0,"value":0.5,"curve":"cubicIn"},{"frame":0.11666666666666667,"value":1.2},{"frame":0.2,"value":1}]}}},{"__type__":"cc.SpriteFrame","content":{"name":"default_sprite_splash","texture":"02delMVqdBD70a/HSD99FK","rect":[0,0,2,2],"offset":[0,0],"originalSize":[2,2]}},[{"__type__":"cc.Prefab","_name":"multi_palyer_send_btn","data":{"__id__":1},"asyncLoadAssets":null},{"__type__":"cc.Node","_name":"multi_palyer_send_btn","_children":[{"__id__":2}],"_components":[{"__type__":"cc.Sprite","node":{"__id__":1},"_spriteFrame":{"__uuid__":"5aE8Vzq9RNXoRLAjNtgGSV"},"_type":1,"_sizeMode":0},{"__id__":3},{"__type__":"cc.Widget","node":{"__id__":1},"_alignFlags":18},{"__type__":"e51d1CA2FlLVr+AOgftYdCn","node":{"__id__":1},"button":{"__id__":3}}],"_prefab":{"__type__":"cc.PrefabInfo","root":{"__id__":1},"asset":{"__uuid__":"a3gDZA2+ZA95ig1dR8o2rS"},"fileId":"97lLk4/F5D8acop/rlkjOR"},"_contentSize":{"__type__":"cc.Size","width":370,"height":160},"_position":{"__type__":"cc.Vec2","x":540,"y":960}},{"__type__":"cc.Node","_name":"multi_palyer_send_btn_text","_parent":{"__id__":1},"_components":[{"__type__":"cc.Label","node":{"__id__":2},"_useOriginalSize":false,"_actualFontSize":68,"_fontSize":68,"_lineHeight":68,"_enableWrapText":false,"_N$string":"发送","_N$horizontalAlign":1,"_N$verticalAlign":1,"_N$overflow":1},{"__type__":"cc.Widget","node":{"__id__":2},"_alignFlags":45,"_bottom":10,"_originalWidth":100,"_originalHeight":40}],"_prefab":{"__type__":"cc.PrefabInfo","root":{"__id__":1},"asset":{"__uuid__":"a3gDZA2+ZA95ig1dR8o2rS"},"fileId":"69wZ6tTMdPsqe1pR8sTi24"},"_contentSize":{"__type__":"cc.Size","width":370,"height":150},"_position":{"__type__":"cc.Vec2","y":5}},{"__type__":"cc.Button","node":{"__id__":1},"transition":2,"pressedColor":{"__type__":"cc.Color","r":255,"g":255,"b":255},"clickEvents":[{"__type__":"cc.ClickEvent","target":{"__id__":1},"component":"MultiPlayerSendBtnControl","handler":"onSendBtnClicked"}],"_N$interactable":false,"_N$enableAutoGrayEffect":true,"_N$normalColor":{"__type__":"cc.Color","r":255,"g":255,"b":255},"_N$disabledColor":{"__type__":"cc.Color","r":255,"g":255,"b":255},"_N$normalSprite":{"__uuid__":"5aE8Vzq9RNXoRLAjNtgGSV"},"_N$pressedSprite":{"__uuid__":"fcEGAQ/chKoaFhaeEfb0ZC"},"pressedSprite":{"__uuid__":"fcEGAQ/chKoaFhaeEfb0ZC"},"_N$target":{"__id__":1}}],[{"__type__":"cc.Prefab","_name":"result_pannel","data":{"__id__":1},"asyncLoadAssets":null},{"__type__":"cc.Node","_name":"result_pannel","_children":[{"__id__":2},{"__id__":3},{"__id__":5},{"__id__":9},{"__id__":10}],"_components":[{"__type__":"cc.Widget","node":{"__id__":1},"_alignFlags":45,"_originalWidth":100,"_originalHeight":100},{"__type__":"e8b56wGEHZCkrwS5skAp3Ar","node":{"__id__":1},"successPrefab":{"__uuid__":"b7uC0kJDFO7IssQl0Jk4en"},"failPrefab":{"__uuid__":"6azv4DrHhKTYw+DiGXdc+5"},"backgroundPannel":{"__id__":2},"scoreLabel":{"__id__":4},"historyLabel":{"__id__":8}}],"_prefab":{"__type__":"cc.PrefabInfo","root":{"__id__":1},"asset":{"__uuid__":"a5LpEfoStDP5XUG36Sedvf"},"fileId":"c0f8cgoLlEK66c4MUo47k4"},"_color":{"__type__":"cc.Color"},"_contentSize":{"__type__":"cc.Size","width":1080,"height":1920},"_position":{"__type__":"cc.Vec2","x":540,"y":960}},{"__type__":"cc.Node","_name":"result_pannel_background","_parent":{"__id__":1},"_components":[{"__type__":"cc.Sprite","node":{"__id__":2},"_spriteFrame":{"__uuid__":"a2MjXRFdtLlYQ5ouAFv/+R"},"_sizeMode":0},{"__type__":"cc.Widget","node":{"__id__":2},"_alignFlags":45,"_originalWidth":100,"_originalHeight":100}],"_prefab":{"__type__":"cc.PrefabInfo","root":{"__id__":1},"asset":{"__uuid__":"a5LpEfoStDP5XUG36Sedvf"},"fileId":"b0DY/HsThKE6G3NdZoZljY"},"_opacity":128,"_color":{"__type__":"cc.Color"},"_contentSize":{"__type__":"cc.Size","width":1080,"height":1920}},{"__type__":"cc.Node","_name":"final_score","_parent":{"__id__":1},"_components":[{"__id__":4},{"__type__":"cc.Widget","node":{"__id__":3},"_alignFlags":42,"_originalWidth":374}],"_prefab":{"__type__":"cc.PrefabInfo","root":{"__id__":1},"asset":{"__uuid__":"a5LpEfoStDP5XUG36Sedvf"},"fileId":"39QUV42uxIGKs03dPR14Dt"},"_contentSize":{"__type__":"cc.Size","width":1080,"height":153}},{"__type__":"cc.Label","node":{"__id__":3},"_useOriginalSize":false,"_actualFontSize":153,"_fontSize":153,"_lineHeight":153,"_enableWrapText":false,"_N$string":"0","_N$horizontalAlign":1,"_N$verticalAlign":1,"_N$overflow":1},{"__type__":"cc.Node","_name":"hostory_score","_parent":{"__id__":1},"_children":[{"__id__":6},{"__id__":7}],"_components":[{"__type__":"cc.Layout","node":{"__id__":5},"_layoutSize":{"__type__":"cc.Size","width":320,"height":44},"_resize":1,"_N$layoutType":1,"_N$spacingX":20},{"__type__":"cc.Widget","node":{"__id__":5},"_alignFlags":18,"_verticalCenter":-171}],"_prefab":{"__type__":"cc.PrefabInfo","root":{"__id__":1},"asset":{"__uuid__":"a5LpEfoStDP5XUG36Sedvf"},"fileId":"53ZffaByBFKoWEhqGmqmhn"},"_color":{"__type__":"cc.Color","r":167,"g":167,"b":167},"_contentSize":{"__type__":"cc.Size","width":320,"height":44},"_position":{"__type__":"cc.Vec2","y":-171}},{"__type__":"cc.Node","_name":"history_label","_parent":{"__id__":5},"_components":[{"__type__":"cc.Label","node":{"__id__":6},"_useOriginalSize":false,"_actualFontSize":44,"_fontSize":44,"_lineHeight":44,"_N$string":"历史最佳得分:","_N$horizontalAlign":1,"_N$verticalAlign":1}],"_prefab":{"__type__":"cc.PrefabInfo","root":{"__id__":1},"asset":{"__uuid__":"a5LpEfoStDP5XUG36Sedvf"},"fileId":"29JnB+L/9FRIwinI3x+UFE"},"_contentSize":{"__type__":"cc.Size","width":276,"height":44},"_position":{"__type__":"cc.Vec2","x":-22}},{"__type__":"cc.Node","_name":"history_best","_parent":{"__id__":5},"_components":[{"__id__":8}],"_prefab":{"__type__":"cc.PrefabInfo","root":{"__id__":1},"asset":{"__uuid__":"a5LpEfoStDP5XUG36Sedvf"},"fileId":"adSQd6r1RFALMd0lbqPUaG"},"_contentSize":{"__type__":"cc.Size","width":24,"height":44},"_position":{"__type__":"cc.Vec2","x":148}},{"__type__":"cc.Label","node":{"__id__":7},"_useOriginalSize":false,"_actualFontSize":44,"_fontSize":44,"_lineHeight":44,"_N$string":"0","_N$horizontalAlign":1,"_N$verticalAlign":1},{"__type__":"cc.Node","_name":"ResultBtnsControl","_parent":{"__id__":1},"_components":[{"__type__":"491ceAHyHFPqqhU53UXxwzg","node":{"__id__":9}}],"_prefab":{"__type__":"cc.PrefabInfo","root":{"__id__":1},"asset":{"__uuid__":"a5LpEfoStDP5XUG36Sedvf"},"fileId":"46jCpFOudKz79xDnTpzlEb"},"_position":{"__type__":"cc.Vec2","x":495,"y":-454}},{"__type__":"cc.Node","_name":"btn_group","_parent":{"__id__":1},"_children":[{"__id__":11},{"__id__":13}],"_components":[{"__type__":"cc.Layout","node":{"__id__":10},"_layoutSize":{"__type__":"cc.Size","width":900,"height":156},"_resize":1,"_N$layoutType":1,"_N$spacingX":90},{"__type__":"cc.Widget","node":{"__id__":10},"_alignFlags":18,"_verticalCenter":-454}],"_prefab":{"__type__":"cc.PrefabInfo","root":{"__id__":1},"asset":{"__uuid__":"a5LpEfoStDP5XUG36Sedvf"},"fileId":"c5GcUbIYpFy4ZA1SPiE2Gd"},"_contentSize":{"__type__":"cc.Size","width":900,"height":156},"_position":{"__type__":"cc.Vec2","y":-454}},{"__type__":"cc.Node","_name":"result_share_btn","_parent":{"__id__":10},"_children":[{"__id__":12}],"_components":[{"__type__":"cc.Sprite","node":{"__id__":11},"_spriteFrame":{"__uuid__":"5aE8Vzq9RNXoRLAjNtgGSV"},"_type":1,"_sizeMode":0},{"__type__":"cc.Button","node":{"__id__":11},"transition":2,"pressedColor":{"__type__":"cc.Color","r":255,"g":255,"b":255},"_N$normalColor":{"__type__":"cc.Color","r":255,"g":255,"b":255},"_N$disabledColor":{"__type__":"cc.Color","r":255,"g":255,"b":255},"_N$normalSprite":{"__uuid__":"5aE8Vzq9RNXoRLAjNtgGSV"},"_N$pressedSprite":{"__uuid__":"fcEGAQ/chKoaFhaeEfb0ZC"},"pressedSprite":{"__uuid__":"fcEGAQ/chKoaFhaeEfb0ZC"},"_N$target":{"__id__":11}}],"_prefab":{"__type__":"cc.PrefabInfo","root":{"__id__":1},"asset":{"__uuid__":"a5LpEfoStDP5XUG36Sedvf"},"fileId":"4f0cB9j0tFcK8+2EjVzngb"},"_contentSize":{"__type__":"cc.Size","width":370,"height":156},"_position":{"__type__":"cc.Vec2","x":-265}},{"__type__":"cc.Node","_name":"result_share_btn_text","_parent":{"__id__":11},"_components":[{"__type__":"cc.Label","node":{"__id__":12},"_useOriginalSize":false,"_actualFontSize":68,"_fontSize":68,"_lineHeight":68,"_enableWrapText":false,"_N$string":"分享","_N$horizontalAlign":1,"_N$verticalAlign":1,"_N$overflow":1},{"__type__":"cc.Widget","node":{"__id__":12},"_alignFlags":45,"_bottom":15,"_originalWidth":300,"_originalHeight":68}],"_prefab":{"__type__":"cc.PrefabInfo","root":{"__id__":1},"asset":{"__uuid__":"a5LpEfoStDP5XUG36Sedvf"},"fileId":"90/49uz8xDIY4xk/nLN62D"},"_contentSize":{"__type__":"cc.Size","width":370,"height":141},"_position":{"__type__":"cc.Vec2","y":7.5}},{"__type__":"cc.Node","_name":"restart_btn","_parent":{"__id__":10},"_children":[{"__id__":14}],"_components":[{"__type__":"cc.Sprite","node":{"__id__":13},"_spriteFrame":{"__uuid__":"d5GZ0edBlHeoQurmULLCol"},"_type":1,"_sizeMode":0},{"__type__":"cc.Button","node":{"__id__":13},"transition":2,"pressedColor":{"__type__":"cc.Color","r":255,"g":255,"b":255},"clickEvents":[{"__type__":"cc.ClickEvent","target":{"__id__":9},"component":"ResultBtnsControl","handler":"onRestartBtnClicked"}],"_N$normalColor":{"__type__":"cc.Color","r":255,"g":255,"b":255},"_N$disabledColor":{"__type__":"cc.Color","r":255,"g":255,"b":255},"_N$normalSprite":{"__uuid__":"d5GZ0edBlHeoQurmULLCol"},"_N$pressedSprite":{"__uuid__":"81YDhprMZCDK6E9EErFqhl"},"pressedSprite":{"__uuid__":"81YDhprMZCDK6E9EErFqhl"},"_N$target":{"__id__":13}}],"_prefab":{"__type__":"cc.PrefabInfo","root":{"__id__":1},"asset":{"__uuid__":"a5LpEfoStDP5XUG36Sedvf"},"fileId":"695IDiOFdNkav37M3oLvps"},"_contentSize":{"__type__":"cc.Size","width":440,"height":156},"_position":{"__type__":"cc.Vec2","x":230}},{"__type__":"cc.Node","_name":"restart_btn_text","_parent":{"__id__":13},"_components":[{"__type__":"cc.Label","node":{"__id__":14},"_useOriginalSize":false,"_actualFontSize":68,"_fontSize":68,"_lineHeight":68,"_enableWrapText":false,"_N$string":"再来一局","_N$horizontalAlign":1,"_N$verticalAlign":1,"_N$overflow":1},{"__type__":"cc.Widget","node":{"__id__":14},"_alignFlags":45,"_bottom":15,"_originalWidth":100,"_originalHeight":40}],"_prefab":{"__type__":"cc.PrefabInfo","root":{"__id__":1},"asset":{"__uuid__":"a5LpEfoStDP5XUG36Sedvf"},"fileId":"7dEWOh50tBR7lZ5r4oNkj/"},"_contentSize":{"__type__":"cc.Size","width":440,"height":141},"_position":{"__type__":"cc.Vec2","y":7.5}}],[{"__type__":"cc.Prefab","_name":"background","data":{"__id__":1},"asyncLoadAssets":null},{"__type__":"cc.Node","_name":"background","_components":[{"__type__":"cc.Sprite","node":{"__id__":1},"_spriteFrame":{"__uuid__":"89e1PKXdlCMp337xn7RJPo"},"_type":1,"_sizeMode":0,"_dstBlendFactor":0}],"_prefab":{"__type__":"cc.PrefabInfo","root":{"__id__":1},"asset":{"__uuid__":"b0SEleW/9FAqOwRCLAgsoY"},"fileId":"a8fIElYj5EnrZUxgcpmZQB"},"_contentSize":{"__type__":"cc.Size","width":1080,"height":1916},"groupIndex":2}],{"__type__":"cc.AnimationClip","_name":"btn_group_hide","_duration":0.25,"curveData":{"props":{"y":[{"frame":0,"value":-698,"curve":"cubicOut"},{"frame":0.25,"value":-1148}]}}},{"__type__":"cc.SpriteFrame","content":{"name":"multi_player_logo","texture":"33FG56dcFO2oyjEw8zMcy0","rect":[0,0,152,150],"offset":[0,0],"originalSize":[152,150]}},[{"__type__":"cc.Prefab","_name":"left_wall","data":{"__id__":1},"asyncLoadAssets":null},{"__type__":"cc.Node","_name":"left_wall","_components":[{"__type__":"cc.Sprite","node":{"__id__":1},"_spriteFrame":{"__uuid__":"93Z2LUHZpNlqoE/FByk9R/"},"_sizeMode":0},{"__type__":"cc.RigidBody","node":{"__id__":1},"_type":0},{"__type__":"cc.PhysicsBoxCollider","node":{"__id__":1},"_friction":0.1,"_restitution":1,"_size":{"__type__":"cc.Size","width":125,"height":1837}}],"_prefab":{"__type__":"cc.PrefabInfo","root":{"__id__":1},"asset":{"__uuid__":"b2aObkMx1IiKC2Tc+X9CnZ"},"fileId":"90O9cHrqZCW6DIB8hrp3FY"},"_contentSize":{"__type__":"cc.Size","width":125,"height":1837},"_position":{"__type__":"cc.Vec2","x":31,"y":1287}}],[{"__type__":"cc.Prefab","_name":"success_pannel","data":{"__id__":1},"asyncLoadAssets":null},{"__type__":"cc.Node","_name":"success_pannel","_children":[{"__id__":2},{"__id__":3}],"_components":[{"__type__":"cc.Widget","node":{"__id__":1},"_alignFlags":45,"_left":-1.1368683772161603e-13,"_right":1.1368683772161603e-13}],"_prefab":{"__type__":"cc.PrefabInfo","root":{"__id__":1},"asset":{"__uuid__":"b7uC0kJDFO7IssQl0Jk4en"},"fileId":"11/mEzwktP6otix1XH4Ruj"},"_contentSize":{"__type__":"cc.Size","width":1080,"height":1920},"_position":{"__type__":"cc.Vec2","x":539.9999999999999,"y":960}},{"__type__":"cc.Node","_name":"success_light","_parent":{"__id__":1},"_components":[{"__type__":"cc.Sprite","node":{"__id__":2},"_spriteFrame":{"__uuid__":"1043XWasxAyoNwTQ/Er619"}},{"__type__":"cc.Widget","node":{"__id__":2},"_alignFlags":18,"_verticalCenter":290},{"__type__":"cc.Animation","node":{"__id__":2},"_defaultClip":{"__uuid__":"22DO99fB9Iy5J/gbQzEuNf"},"_clips":[{"__uuid__":"22DO99fB9Iy5J/gbQzEuNf"}],"playOnLoad":true}],"_prefab":{"__type__":"cc.PrefabInfo","root":{"__id__":1},"asset":{"__uuid__":"b7uC0kJDFO7IssQl0Jk4en"},"fileId":"88zDvqdhRC6ayakzPOxhSU"},"_contentSize":{"__type__":"cc.Size","width":1052,"height":1035},"_position":{"__type__":"cc.Vec2","y":290}},{"__type__":"cc.Node","_name":"challenge_success","_parent":{"__id__":1},"_components":[{"__type__":"cc.Sprite","node":{"__id__":3},"_spriteFrame":{"__uuid__":"530NKouTJD8rDONFsjxIB0"}},{"__type__":"cc.Widget","node":{"__id__":3},"_alignFlags":18,"_verticalCenter":265}],"_prefab":{"__type__":"cc.PrefabInfo","root":{"__id__":1},"asset":{"__uuid__":"b7uC0kJDFO7IssQl0Jk4en"},"fileId":"96bcNENlROC7WO/QaIj7O4"},"_contentSize":{"__type__":"cc.Size","width":710,"height":246},"_position":{"__type__":"cc.Vec2","y":265}}],{"__type__":"cc.AnimationClip","_name":"dialog_dismiss","_duration":0.16666666666666666,"curveData":{"props":{"y":[{"frame":0,"value":0,"curve":"cubicInOut"},{"frame":0.16666666666666666,"value":1425}]}}},{"__type__":"cc.SpriteFrame","content":{"name":"btn_blue","texture":"19PZN8sItOfapsUa/BDyNI","rect":[0,0,519,167],"offset":[0,0],"originalSize":[519,167],"capInsets":[45,30,45,42]}},{"__type__":"cc.AnimationClip","_name":"btn_group_show","_duration":0.4166666666666667,"curveData":{"props":{"y":[{"frame":0,"value":-1148,"curve":"cubicIn"},{"frame":0.4166666666666667,"value":-698}]}}},{"__type__":"cc.SpriteFrame","content":{"name":"dialog_inner_bg","texture":"48gqiRj/1L9rWwl1Jl0vxB","rect":[0,0,229,214],"offset":[0,0],"originalSize":[229,214],"capInsets":[40,40,40,40]}},{"__type__":"cc.AnimationClip","_name":"box_create_anim","_duration":0.26666666666666666,"curveData":{"props":{"scale":[{"frame":0,"value":{"__type__":"cc.Vec2","x":0.5,"y":0.5},"curve":"cubicOut"},{"frame":0.16666666666666666,"value":{"__type__":"cc.Vec2","x":1.2,"y":1.2},"curve":"cubicIn"},{"frame":0.26666666666666666,"value":{"__type__":"cc.Vec2","x":1,"y":1}}]}}},[{"__type__":"cc.Prefab","_name":"box","data":{"__id__":1},"asyncLoadAssets":null},{"__type__":"cc.Node","_name":"box","_components":[{"__type__":"cc.Sprite","node":{"__id__":1},"_spriteFrame":{"__uuid__":"f10WH3nDJD2414UaN46K6s"},"_sizeMode":0},{"__type__":"cc.RigidBody","node":{"__id__":1},"_type":0,"enabledContactListener":true},{"__type__":"cc.PhysicsBoxCollider","node":{"__id__":1},"_size":{"__type__":"cc.Size","width":200,"height":200}},{"__type__":"036fbzipCNF5IUG5jMtlbhj","node":{"__id__":1},"ignoredColliderGroups":["falling","hanging"]},{"__type__":"cc.Animation","node":{"__id__":1},"_defaultClip":{"__uuid__":"e5gAF/z8hLPaUyMNohMFx+"},"_clips":[{"__uuid__":"e5gAF/z8hLPaUyMNohMFx+"}],"playOnLoad":true}],"_prefab":{"__type__":"cc.PrefabInfo","root":{"__id__":1},"asset":{"__uuid__":"e9NYz0nBFOtp2Z6j414DMS"},"fileId":"38MHcMgXFBwaakPIsGvtxo"},"_contentSize":{"__type__":"cc.Size","width":200,"height":200},"groupIndex":1}],{"__type__":"cc.SpriteFrame","content":{"name":"box","texture":"34lyGfF/5FXatUsVFNQwVw","rect":[0,0,275,278],"offset":[0,0],"originalSize":[275,278],"capInsets":[83,110,115,103]}},[{"__type__":"cc.Prefab","_name":"dialog_pannel","data":{"__id__":1},"asyncLoadAssets":null},{"__type__":"cc.Node","_name":"dialog_pannel","_children":[{"__id__":2},{"__id__":4}],"_components":[{"__type__":"cc.Widget","node":{"__id__":1},"_alignFlags":45},{"__type__":"a0d63caAwJOt7K57wGdfcqF","node":{"__id__":1},"titleLabel":{"__id__":7},"dialogOuter":{"__id__":4},"dialogInner":{"__id__":8},"dialogBtnLayout":{"__id__":9}}],"_prefab":{"__type__":"cc.PrefabInfo","root":{"__id__":1},"asset":{"__uuid__":"f8l9+XwvJE+bPGFS7njIRq"},"fileId":"08VTkaZrJHy5lqwTjAhHP4"},"_contentSize":{"__type__":"cc.Size","width":1080,"height":1920},"_position":{"__type__":"cc.Vec2","x":540,"y":960}},{"__type__":"cc.Node","_name":"background","_parent":{"__id__":1},"_children":[{"__id__":3}],"_components":[{"__type__":"cc.Sprite","node":{"__id__":2},"_spriteFrame":{"__uuid__":"a2MjXRFdtLlYQ5ouAFv/+R"},"_sizeMode":0},{"__type__":"cc.Widget","node":{"__id__":2},"_alignFlags":45,"_originalWidth":100,"_originalHeight":100},{"__type__":"cc.Button","node":{"__id__":2},"clickEvents":[{"__type__":"cc.ClickEvent","target":{"__id__":3},"component":"DialogBackgroundClick","handler":"onBackgroundClicked"}],"_N$target":{"__id__":2}}],"_prefab":{"__type__":"cc.PrefabInfo","root":{"__id__":1},"asset":{"__uuid__":"f8l9+XwvJE+bPGFS7njIRq"},"fileId":"b3ht97b2hLK60EgTkV3K1B"},"_opacity":128,"_color":{"__type__":"cc.Color"},"_contentSize":{"__type__":"cc.Size","width":1080,"height":1920}},{"__type__":"cc.Node","_name":"DialogBackgroundClick","_parent":{"__id__":2},"_components":[{"__type__":"5d701LJRWBJM4cIwhDmm3YW","node":{"__id__":3},"dialog":{"__id__":1}}],"_prefab":{"__type__":"cc.PrefabInfo","root":{"__id__":1},"asset":{"__uuid__":"f8l9+XwvJE+bPGFS7njIRq"},"fileId":"577HwwpxFPj6P4VlL19bpc"}},{"__type__":"cc.Node","_name":"dialog_outer_bg","_parent":{"__id__":1},"_children":[{"__id__":5},{"__id__":8},{"__id__":9}],"_components":[{"__type__":"cc.Sprite","node":{"__id__":4},"_spriteFrame":{"__uuid__":"78gobLCUdLkoBDtfbla41K"},"_type":1,"_sizeMode":0},{"__type__":"cc.Widget","node":{"__id__":4},"_alignFlags":18},{"__type__":"cc.Animation","node":{"__id__":4},"_clips":[{"__uuid__":"93bYsdkWpL4KOhJgCV7sk8"},{"__uuid__":"beS0QrUsVKdL8TZosc9fHe"}]}],"_prefab":{"__type__":"cc.PrefabInfo","root":{"__id__":1},"asset":{"__uuid__":"f8l9+XwvJE+bPGFS7njIRq"},"fileId":"e3cydU5XdFLpax6EhY3K62"},"_contentSize":{"__type__":"cc.Size","width":935,"height":911}},{"__type__":"cc.Node","_name":"dialog_title_bg","_parent":{"__id__":4},"_children":[{"__id__":6}],"_components":[{"__type__":"cc.Sprite","node":{"__id__":5},"_spriteFrame":{"__uuid__":"51ZNadkwBOkbu89Es7aXuv"}},{"__type__":"cc.Widget","node":{"__id__":5},"_alignFlags":17,"_top":43}],"_prefab":{"__type__":"cc.PrefabInfo","root":{"__id__":1},"asset":{"__uuid__":"f8l9+XwvJE+bPGFS7njIRq"},"fileId":"6fpwUTkRxMwIy+M6HK466n"},"_contentSize":{"__type__":"cc.Size","width":1020,"height":174},"_position":{"__type__":"cc.Vec2","y":325.5}},{"__type__":"cc.Node","_name":"dialog_title_label","_parent":{"__id__":5},"_components":[{"__id__":7},{"__type__":"cc.Widget","node":{"__id__":6},"_alignFlags":18}],"_prefab":{"__type__":"cc.PrefabInfo","root":{"__id__":1},"asset":{"__uuid__":"f8l9+XwvJE+bPGFS7njIRq"},"fileId":"d1cddH/doRNQ4Aodz8556bh"},"_contentSize":{"__type__":"cc.Size","width":280,"height":70}},{"__type__":"cc.Label","node":{"__id__":6},"_useOriginalSize":false,"_actualFontSize":70,"_fontSize":70,"_lineHeight":70,"_N$string":"我是标题","_N$horizontalAlign":1,"_N$verticalAlign":1},{"__type__":"cc.Node","_name":"dialog_inner_bg","_parent":{"__id__":4},"_components":[{"__type__":"cc.Sprite","node":{"__id__":8},"_spriteFrame":{"__uuid__":"e4c0NwpZtCPq109oWXwks/"},"_type":1,"_sizeMode":0},{"__type__":"cc.Widget","node":{"__id__":8},"_alignFlags":42,"_left":32,"_right":32,"_originalWidth":229}],"_prefab":{"__type__":"cc.PrefabInfo","root":{"__id__":1},"asset":{"__uuid__":"f8l9+XwvJE+bPGFS7njIRq"},"fileId":"05hR851RVE34bnGmylP6Ms"},"_contentSize":{"__type__":"cc.Size","width":871,"height":393}},{"__type__":"cc.Node","_name":"dialog_btns","_parent":{"__id__":4},"_components":[{"__type__":"cc.Widget","node":{"__id__":9},"_alignFlags":44,"_left":32,"_right":32}],"_prefab":{"__type__":"cc.PrefabInfo","root":{"__id__":1},"asset":{"__uuid__":"f8l9+XwvJE+bPGFS7njIRq"},"fileId":"88gBvo8cdMlKf8nrrb+Cvx"},"_contentSize":{"__type__":"cc.Size","width":871,"height":259},"_position":{"__type__":"cc.Vec2","y":-326}}],{"__type__":"cc.SpriteFrame","content":{"name":"btn_yellow_pressed","texture":"a5Q7pTrFtLMZuonfth0F49","rect":[0,0,369,167],"offset":[0,0],"originalSize":[369,167]}}]