[{"__type__":"cc.SpriteFrame","content":{"name":"rank_scene_bg","texture":"aeGiLNSVZC0Z9g5XzGhiqz","rect":[0,0,191,132],"offset":[0,0],"originalSize":[191,132]}},{"__type__":"cc.SpriteFrame","content":{"name":"rank_3","texture":"a82eYx7WlEJp08GB75BAJZ","rect":[0,0,105,136],"offset":[0,0],"originalSize":[105,136]}},[{"__type__":"cc.SceneAsset","_name":"rank_scene","scene":{"__id__":1},"asyncLoadAssets":null},{"__type__":"cc.Scene","_name":"New Node","_children":[{"__id__":2}],"_anchorPoint":{"__type__":"cc.Vec2"},"autoReleaseAssets":false},{"__type__":"cc.Node","_name":"Canvas","_parent":{"__id__":1},"_children":[{"__id__":3},{"__id__":4},{"__id__":5},{"__id__":7},{"__id__":10}],"_components":[{"__type__":"cc.Canvas","node":{"__id__":2},"_designResolution":{"__type__":"cc.Size","width":1080,"height":1920},"_fitWidth":true,"_fitHeight":false},{"__type__":"fa46aO0ZC5Hxr6mSApj8T3/","node":{"__id__":2},"rankScrollView":{"__id__":7},"rankContent":{"__id__":9},"rankItemPrefab":{"__uuid__":"4725uDeXZDUbKqagZ8Raqx"},"rankSelfView":{"__id__":11}}],"_id":"42t+FcfuZLm5lMsVPqz2GM","_contentSize":{"__type__":"cc.Size","width":1080,"height":1920},"_position":{"__type__":"cc.Vec2","x":540,"y":960}},{"__type__":"cc.Node","_name":"rank_scene_bg","_parent":{"__id__":2},"_components":[{"__type__":"cc.Sprite","node":{"__id__":3},"_spriteFrame":{"__uuid__":"04cXNpiC1OnrTqXxuHV89+"},"_sizeMode":0},{"__type__":"cc.Widget","node":{"__id__":3},"_alignFlags":45,"_originalWidth":191,"_originalHeight":132}],"_contentSize":{"__type__":"cc.Size","width":1080,"height":1920}},{"__type__":"cc.Node","_name":"work_rank","_parent":{"__id__":2},"_components":[{"__type__":"cc.Sprite","node":{"__id__":4},"_spriteFrame":{"__uuid__":"34c6ULVwBNqK69FGxmnkfz"}},{"__type__":"cc.Widget","node":{"__id__":4},"_alignFlags":9,"_left":46,"_top":72.5}],"_contentSize":{"__type__":"cc.Size","width":374,"height":165},"_position":{"__type__":"cc.Vec2","x":-307,"y":805}},{"__type__":"cc.Node","_name":"close_btn","_parent":{"__id__":2},"_children":[{"__id__":6}],"_components":[{"__type__":"cc.Sprite","node":{"__id__":5},"_spriteFrame":{"__uuid__":"66YvDz4dBM/ZLA7Ac6ixMb"},"_type":1,"_sizeMode":0},{"__type__":"cc.Button","node":{"__id__":5},"transition":2,"pressedColor":{"__type__":"cc.Color","r":255,"g":255,"b":255},"clickEvents":[{"__type__":"cc.ClickEvent","target":{"__id__":6},"component":"CloseBtnControl","handler":"onCloseBtnClicked"}],"_N$normalColor":{"__type__":"cc.Color","r":255,"g":255,"b":255},"_N$disabledColor":{"__type__":"cc.Color","r":255,"g":255,"b":255},"_N$normalSprite":{"__uuid__":"66YvDz4dBM/ZLA7Ac6ixMb"},"_N$pressedSprite":{"__uuid__":"75zR1TuO9DgoNkyZ7sQapT"},"pressedSprite":{"__uuid__":"75zR1TuO9DgoNkyZ7sQapT"},"_N$target":{"__id__":5}},{"__type__":"cc.Widget","node":{"__id__":5},"_alignFlags":33,"_right":32,"_top":25}],"_contentSize":{"__type__":"cc.Size","width":79,"height":79},"_position":{"__type__":"cc.Vec2","x":468.5,"y":895.5}},{"__type__":"cc.Node","_name":"CloseBtnControl","_parent":{"__id__":5},"_components":[{"__type__":"8b5505IoHdL+JeKZoUbuE2f","node":{"__id__":6}}]},{"__type__":"cc.Node","_name":"rank_scroll_view","_parent":{"__id__":2},"_children":[{"__id__":8}],"_components":[{"__type__":"cc.Sprite","node":{"__id__":7},"_spriteFrame":{"__uuid__":"24wRFgWwNLILsdrMP704jr"},"_type":1,"_sizeMode":0},{"__type__":"cc.ScrollView","node":{"__id__":7},"content":{"__id__":9},"horizontal":false,"brake":0.75,"bounceDuration":0.23,"_N$horizontalScrollBar":null,"_N$verticalScrollBar":null},{"__type__":"cc.Widget","node":{"__id__":7},"_alignFlags":45,"_top":222,"_bottom":243,"_originalWidth":240,"_originalHeight":250}],"_color":{"__type__":"cc.Color","r":184,"g":184,"b":184},"_contentSize":{"__type__":"cc.Size","width":1080,"height":1455},"_position":{"__type__":"cc.Vec2","y":10.5}},{"__type__":"cc.Node","_name":"view","_parent":{"__id__":7},"_children":[{"__id__":9}],"_components":[{"__type__":"cc.Mask","node":{"__id__":8}},{"__type__":"cc.Widget","node":{"__id__":8},"_alignFlags":45,"_bottom":20,"_originalWidth":240,"_originalHeight":250}],"_contentSize":{"__type__":"cc.Size","width":1080,"height":1435},"_position":{"__type__":"cc.Vec2","y":10}},{"__type__":"cc.Node","_name":"rank_content","_parent":{"__id__":8},"_components":[{"__type__":"cc.Widget","node":{"__id__":9},"_alignFlags":41,"_left":42,"_right":42,"_originalWidth":220},{"__type__":"cc.Layout","node":{"__id__":9},"_layoutSize":{"__type__":"cc.Size","width":996,"height":302},"_resize":1,"_N$layoutType":2,"_N$paddingTop":44,"_N$paddingBottom":44,"_N$spacingY":19}],"_anchorPoint":{"__type__":"cc.Vec2","x":0.5,"y":1},"_contentSize":{"__type__":"cc.Size","width":996,"height":302},"_position":{"__type__":"cc.Vec2","y":717.5}},{"__type__":"cc.Node","_name":"rank_self_view","_parent":{"__id__":2},"_children":[{"__id__":11}],"_components":[{"__type__":"cc.Widget","node":{"__id__":10},"_alignFlags":44}],"_contentSize":{"__type__":"cc.Size","width":1080,"height":243},"_position":{"__type__":"cc.Vec2","y":-838.5}},{"__type__":"cc.Node","_name":"rank_scroll_item_view","_parent":{"__id__":10},"_children":[{"__id__":12},{"__id__":14},{"__id__":16},{"__id__":20},{"__id__":22}],"_components":[{"__type__":"cc.Sprite","node":{"__id__":11},"_type":1,"_sizeMode":0},{"__type__":"cc.Widget","node":{"__id__":11},"_alignFlags":45,"_left":42,"_right":42,"_originalWidth":229,"_originalHeight":214},{"__type__":"f347cofYLZIHJXr1rK+leMv","node":{"__id__":11},"rankView":{"__id__":13},"rankLabel":{"__id__":15},"rankPlayerThumb":{"__id__":19},"rankPlayerName":{"__id__":21},"rankPlayerScore":{"__id__":23},"rankSprites":[{"__uuid__":"87TNXCZc1JeJIPysDGP3YN"},{"__uuid__":"eeyabC+RhFfrjPaF21c4XB"},{"__uuid__":"0fZQQ5j09JVZBgQlsYHZFL"}]}],"_prefab":{"__type__":"cc.PrefabInfo","root":{"__id__":11},"asset":{"__uuid__":"4725uDeXZDUbKqagZ8Raqx"},"fileId":"f0g04sYr1PeIKffmBY1rea"},"_contentSize":{"__type__":"cc.Size","width":996,"height":243}},{"__type__":"cc.Node","_name":"rank_view","_parent":{"__id__":11},"_components":[{"__id__":13},{"__type__":"cc.Widget","node":{"__id__":12},"_alignFlags":10,"_left":46}],"_prefab":{"__type__":"cc.PrefabInfo","root":{"__id__":11},"asset":{"__uuid__":"4725uDeXZDUbKqagZ8Raqx"},"fileId":"88euvO+ytDA48ZAGNiWSpQ"},"_contentSize":{"__type__":"cc.Size","width":105,"height":136},"_position":{"__type__":"cc.Vec2","x":-399.5}},{"__type__":"cc.Sprite","node":{"__id__":12},"_spriteFrame":{"__uuid__":"87TNXCZc1JeJIPysDGP3YN"}},{"__type__":"cc.Node","_name":"rank_label","_parent":{"__id__":11},"_components":[{"__id__":15},{"__type__":"cc.Widget","node":{"__id__":14},"_alignFlags":13,"_originalHeight":80}],"_prefab":{"__type__":"cc.PrefabInfo","root":{"__id__":11},"asset":{"__uuid__":"4725uDeXZDUbKqagZ8Raqx"},"fileId":"6dmEdtHRRABqkjMW3kk375"},"_contentSize":{"__type__":"cc.Size","width":192,"height":243},"_position":{"__type__":"cc.Vec2","x":-402}},{"__type__":"cc.Label","node":{"__id__":14},"_useOriginalSize":false,"_enableWrapText":false,"_N$string":"1","_N$horizontalAlign":1,"_N$verticalAlign":1,"_N$overflow":2},{"__type__":"cc.Node","_name":"rank_player_border","_parent":{"__id__":11},"_children":[{"__id__":17}],"_components":[{"__type__":"cc.Widget","node":{"__id__":16},"_alignFlags":10,"_left":200,"_horizontalCenter":-100},{"__type__":"cc.Sprite","node":{"__id__":16},"_spriteFrame":{"__uuid__":"95D34sCgBJlYWmX1UXjhyX"}}],"_prefab":{"__type__":"cc.PrefabInfo","root":{"__id__":11},"asset":{"__uuid__":"4725uDeXZDUbKqagZ8Raqx"},"fileId":"12eRQ8lE9A1K4M4Qa5a0ij"},"_contentSize":{"__type__":"cc.Size","width":188,"height":191},"_position":{"__type__":"cc.Vec2","x":-204}},{"__type__":"cc.Node","_name":"rank_player_mask","_parent":{"__id__":16},"_children":[{"__id__":18}],"_components":[{"__type__":"cc.Widget","node":{"__id__":17},"isAlignOnce":false,"_alignFlags":45,"_left":8,"_right":8,"_top":8,"_bottom":11},{"__type__":"cc.Mask","node":{"__id__":17},"_type":2,"_N$spriteFrame":{"__uuid__":"95D34sCgBJlYWmX1UXjhyX"},"_N$alphaThreshold":0}],"_prefab":{"__type__":"cc.PrefabInfo","root":{"__id__":11},"asset":{"__uuid__":"4725uDeXZDUbKqagZ8Raqx"},"fileId":"67j2qtfOdHS6mfX81W/Yex"},"_contentSize":{"__type__":"cc.Size","width":172,"height":172},"_position":{"__type__":"cc.Vec2","y":1.5}},{"__type__":"cc.Node","_name":"rank_player_thumb","_parent":{"__id__":17},"_components":[{"__id__":19},{"__type__":"cc.Widget","node":{"__id__":18},"_alignFlags":45,"_originalWidth":40,"_originalHeight":36}],"_prefab":{"__type__":"cc.PrefabInfo","root":{"__id__":11},"asset":{"__uuid__":"4725uDeXZDUbKqagZ8Raqx"},"fileId":"56OnXsbdtL0Y0yxfkHSbH5"},"_contentSize":{"__type__":"cc.Size","width":172,"height":172}},{"__type__":"cc.Sprite","node":{"__id__":18},"_spriteFrame":{"__uuid__":"8c20Sso/ZEn7NUfNSM+EBh"},"_sizeMode":0},{"__type__":"cc.Node","_name":"rank_player_name","_parent":{"__id__":11},"_components":[{"__id__":21},{"__type__":"cc.Widget","node":{"__id__":20},"_alignFlags":45,"_left":410,"_right":300,"_originalWidth":98,"_originalHeight":60}],"_prefab":{"__type__":"cc.PrefabInfo","root":{"__id__":11},"asset":{"__uuid__":"4725uDeXZDUbKqagZ8Raqx"},"fileId":"f0AQmIJQRNpIKLkij0IbTU"},"_contentSize":{"__type__":"cc.Size","width":286,"height":243},"_position":{"__type__":"cc.Vec2","x":55}},{"__type__":"cc.Label","node":{"__id__":20},"_useOriginalSize":false,"_enableWrapText":false,"_N$string":"我是谁","_N$verticalAlign":1,"_N$overflow":1},{"__type__":"cc.Node","_name":"rank_player_score","_parent":{"__id__":11},"_components":[{"__id__":23},{"__type__":"cc.Widget","node":{"__id__":22},"_alignFlags":37,"_right":46,"_originalHeight":40}],"_prefab":{"__type__":"cc.PrefabInfo","root":{"__id__":11},"asset":{"__uuid__":"4725uDeXZDUbKqagZ8Raqx"},"fileId":"eeUoxe6nFFZYqODUjhNg8V"},"_contentSize":{"__type__":"cc.Size","width":230,"height":243},"_position":{"__type__":"cc.Vec2","x":337}},{"__type__":"cc.Label","node":{"__id__":22},"_useOriginalSize":false,"_N$string":"2000","_N$horizontalAlign":2,"_N$verticalAlign":1,"_N$overflow":2}],{"__type__":"cc.SpriteFrame","content":{"name":"rank_scroll_view_bg","texture":"d43dxWPVBJdJnvZ5WjYiO8","rect":[0,0,324,210],"offset":[0,0],"originalSize":[324,210]}},{"__type__":"cc.SpriteFrame","content":{"name":"work_rank","texture":"77qtYXOCVPGp92YX63RYWS","rect":[0,0,374,165],"offset":[0,0],"originalSize":[374,165]}},[{"__type__":"cc.Prefab","_name":"rank_scroll_item_view","data":{"__id__":1},"asyncLoadAssets":null},{"__type__":"cc.Node","_name":"rank_scroll_item_view","_children":[{"__id__":2},{"__id__":4},{"__id__":6},{"__id__":10},{"__id__":12}],"_components":[{"__type__":"cc.Sprite","node":{"__id__":1},"_spriteFrame":{"__uuid__":"a8V95dv25AW4xFg/wY9neO"},"_type":1,"_sizeMode":0},{"__type__":"cc.Widget","node":{"__id__":1},"_alignFlags":40,"_originalWidth":229},{"__type__":"f347cofYLZIHJXr1rK+leMv","node":{"__id__":1},"rankView":{"__id__":3},"rankLabel":{"__id__":5},"rankPlayerThumb":{"__id__":9},"rankPlayerName":{"__id__":11},"rankPlayerScore":{"__id__":13},"rankSprites":[{"__uuid__":"87TNXCZc1JeJIPysDGP3YN"},{"__uuid__":"eeyabC+RhFfrjPaF21c4XB"},{"__uuid__":"0fZQQ5j09JVZBgQlsYHZFL"}]}],"_prefab":{"__type__":"cc.PrefabInfo","root":{"__id__":1},"asset":{"__uuid__":"4725uDeXZDUbKqagZ8Raqx"},"fileId":"f0g04sYr1PeIKffmBY1rea"},"_contentSize":{"__type__":"cc.Size","width":1080,"height":214},"_position":{"__type__":"cc.Vec2","x":540,"y":-151}},{"__type__":"cc.Node","_name":"rank_view","_parent":{"__id__":1},"_components":[{"__id__":3},{"__type__":"cc.Widget","node":{"__id__":2},"_alignFlags":10,"_left":46}],"_prefab":{"__type__":"cc.PrefabInfo","root":{"__id__":2},"asset":{"__uuid__":"6dbOMx3m1O6alt+6Xznk2E"},"fileId":"88euvO+ytDA48ZAGNiWSpQ"},"_contentSize":{"__type__":"cc.Size","width":105,"height":136},"_position":{"__type__":"cc.Vec2","x":-441.5}},{"__type__":"cc.Sprite","node":{"__id__":2},"_spriteFrame":{"__uuid__":"87TNXCZc1JeJIPysDGP3YN"}},{"__type__":"cc.Node","_name":"rank_label","_parent":{"__id__":1},"_components":[{"__id__":5},{"__type__":"cc.Widget","node":{"__id__":4},"_alignFlags":13,"_originalHeight":80}],"_prefab":{"__type__":"cc.PrefabInfo","root":{"__id__":4},"asset":{"__uuid__":"f3DvaufD5ApqWgncwf0XAz"},"fileId":"6dmEdtHRRABqkjMW3kk375"},"_contentSize":{"__type__":"cc.Size","width":192,"height":214},"_position":{"__type__":"cc.Vec2","x":-444}},{"__type__":"cc.Label","node":{"__id__":4},"_useOriginalSize":false,"_enableWrapText":false,"_N$string":"1","_N$horizontalAlign":1,"_N$verticalAlign":1,"_N$overflow":2},{"__type__":"cc.Node","_name":"rank_player_border","_parent":{"__id__":1},"_children":[{"__id__":7}],"_components":[{"__type__":"cc.Widget","node":{"__id__":6},"_alignFlags":10,"_left":200,"_horizontalCenter":-100},{"__type__":"cc.Sprite","node":{"__id__":6},"_spriteFrame":{"__uuid__":"95D34sCgBJlYWmX1UXjhyX"}}],"_prefab":{"__type__":"cc.PrefabInfo","root":{"__id__":6},"asset":{"__uuid__":"80QExMpTFCdqlAEJ6ZLruF"},"fileId":"12eRQ8lE9A1K4M4Qa5a0ij"},"_contentSize":{"__type__":"cc.Size","width":188,"height":191},"_position":{"__type__":"cc.Vec2","x":-246}},{"__type__":"cc.Node","_name":"rank_player_mask","_parent":{"__id__":6},"_children":[{"__id__":8}],"_components":[{"__type__":"cc.Widget","node":{"__id__":7},"isAlignOnce":false,"_alignFlags":45,"_left":8,"_right":8,"_top":8,"_bottom":11},{"__type__":"cc.Mask","node":{"__id__":7},"_type":2,"_N$spriteFrame":{"__uuid__":"95D34sCgBJlYWmX1UXjhyX"},"_N$alphaThreshold":0}],"_prefab":{"__type__":"cc.PrefabInfo","root":{"__id__":6},"asset":{"__uuid__":"80QExMpTFCdqlAEJ6ZLruF"},"fileId":"67j2qtfOdHS6mfX81W/Yex"},"_contentSize":{"__type__":"cc.Size","width":172,"height":172},"_position":{"__type__":"cc.Vec2","y":1.5}},{"__type__":"cc.Node","_name":"rank_player_thumb","_parent":{"__id__":7},"_components":[{"__id__":9},{"__type__":"cc.Widget","node":{"__id__":8},"_alignFlags":45,"_originalWidth":40,"_originalHeight":36}],"_prefab":{"__type__":"cc.PrefabInfo","root":{"__id__":6},"asset":{"__uuid__":"80QExMpTFCdqlAEJ6ZLruF"},"fileId":"56OnXsbdtL0Y0yxfkHSbH5"},"_contentSize":{"__type__":"cc.Size","width":172,"height":172}},{"__type__":"cc.Sprite","node":{"__id__":8},"_spriteFrame":{"__uuid__":"8c20Sso/ZEn7NUfNSM+EBh"},"_sizeMode":0},{"__type__":"cc.Node","_name":"rank_player_name","_parent":{"__id__":1},"_components":[{"__id__":11},{"__type__":"cc.Widget","node":{"__id__":10},"_alignFlags":45,"_left":410,"_right":300,"_originalWidth":98,"_originalHeight":60}],"_prefab":{"__type__":"cc.PrefabInfo","root":{"__id__":10},"asset":{"__uuid__":"72BTUym4xE5p8ENdK8t+x3"},"fileId":"f0AQmIJQRNpIKLkij0IbTU"},"_contentSize":{"__type__":"cc.Size","width":370,"height":214},"_position":{"__type__":"cc.Vec2","x":55}},{"__type__":"cc.Label","node":{"__id__":10},"_useOriginalSize":false,"_enableWrapText":false,"_N$string":"我是谁","_N$verticalAlign":1,"_N$overflow":1},{"__type__":"cc.Node","_name":"rank_player_score","_parent":{"__id__":1},"_components":[{"__id__":13},{"__type__":"cc.Widget","node":{"__id__":12},"_alignFlags":37,"_right":46,"_originalHeight":40}],"_prefab":{"__type__":"cc.PrefabInfo","root":{"__id__":12},"asset":{"__uuid__":"afDpC/AdlBap2r4rCV2fxo"},"fileId":"eeUoxe6nFFZYqODUjhNg8V"},"_contentSize":{"__type__":"cc.Size","width":230,"height":214},"_position":{"__type__":"cc.Vec2","x":379}},{"__type__":"cc.Label","node":{"__id__":12},"_useOriginalSize":false,"_N$string":"2000","_N$horizontalAlign":2,"_N$verticalAlign":1,"_N$overflow":2}],{"__type__":"cc.SpriteFrame","content":{"name":"close_btn","texture":"a2B2lJbWlMaYhCdMTGvVcl","rect":[0,0,79,84],"offset":[0,0],"originalSize":[79,84]}},[{"__type__":"cc.Prefab","_name":"rank_view","data":{"__id__":1},"asyncLoadAssets":null},{"__type__":"cc.Node","_name":"rank_view","_components":[{"__type__":"cc.Sprite","node":{"__id__":1},"_spriteFrame":{"__uuid__":"87TNXCZc1JeJIPysDGP3YN"}},{"__type__":"cc.Widget","node":{"__id__":1},"_alignFlags":10,"_left":46}],"_prefab":{"__type__":"cc.PrefabInfo","root":{"__id__":1},"asset":{"__id__":0},"fileId":"88euvO+ytDA48ZAGNiWSpQ"},"_contentSize":{"__type__":"cc.Size","width":105,"height":136},"_position":{"__type__":"cc.Vec2","x":-441.5}}],[{"__type__":"cc.Prefab","_name":"rank_player_name","data":{"__id__":1},"asyncLoadAssets":null},{"__type__":"cc.Node","_name":"rank_player_name","_components":[{"__type__":"cc.Label","node":{"__id__":1},"_useOriginalSize":false,"_enableWrapText":false,"_N$string":"我是谁","_N$verticalAlign":1,"_N$overflow":1},{"__type__":"cc.Widget","node":{"__id__":1},"_alignFlags":45,"_left":410,"_right":300,"_originalWidth":98,"_originalHeight":60}],"_prefab":{"__type__":"cc.PrefabInfo","root":{"__id__":1},"asset":{"__id__":0},"fileId":"f0AQmIJQRNpIKLkij0IbTU"},"_contentSize":{"__type__":"cc.Size","width":370,"height":214},"_position":{"__type__":"cc.Vec2","x":55}}],{"__type__":"cc.SpriteFrame","content":{"name":"close_btn_pressed","texture":"a99ob/l6xC+Zi8CdXK3+kP","rect":[0,0,79,84],"offset":[0,0],"originalSize":[79,84]}},[{"__type__":"cc.Prefab","_name":"rank_player_border","data":{"__id__":1},"asyncLoadAssets":null},{"__type__":"cc.Node","_name":"rank_player_border","_children":[{"__id__":2}],"_components":[{"__type__":"cc.Widget","node":{"__id__":1},"_alignFlags":10,"_left":200,"_horizontalCenter":-100},{"__type__":"cc.Sprite","node":{"__id__":1},"_spriteFrame":{"__uuid__":"95D34sCgBJlYWmX1UXjhyX"}}],"_prefab":{"__type__":"cc.PrefabInfo","root":{"__id__":1},"asset":{"__id__":0},"fileId":"12eRQ8lE9A1K4M4Qa5a0ij"},"_contentSize":{"__type__":"cc.Size","width":188,"height":191},"_position":{"__type__":"cc.Vec2","x":-246}},{"__type__":"cc.Node","_name":"rank_player_mask","_parent":{"__id__":1},"_children":[{"__id__":3}],"_components":[{"__type__":"cc.Widget","node":{"__id__":2},"isAlignOnce":false,"_alignFlags":45,"_left":8,"_right":8,"_top":8,"_bottom":11},{"__type__":"cc.Mask","node":{"__id__":2},"_type":2,"_N$spriteFrame":{"__uuid__":"95D34sCgBJlYWmX1UXjhyX"},"_N$alphaThreshold":0}],"_prefab":{"__type__":"cc.PrefabInfo","root":{"__id__":1},"asset":{"__id__":0},"fileId":"67j2qtfOdHS6mfX81W/Yex"},"_contentSize":{"__type__":"cc.Size","width":172,"height":172},"_position":{"__type__":"cc.Vec2","y":1.5}},{"__type__":"cc.Node","_name":"rank_player_thumb","_parent":{"__id__":2},"_components":[{"__type__":"cc.Sprite","node":{"__id__":3},"_spriteFrame":{"__uuid__":"8c20Sso/ZEn7NUfNSM+EBh"},"_sizeMode":0},{"__type__":"cc.Widget","node":{"__id__":3},"_alignFlags":45,"_originalWidth":40,"_originalHeight":36}],"_prefab":{"__type__":"cc.PrefabInfo","root":{"__id__":1},"asset":{"__id__":0},"fileId":"56OnXsbdtL0Y0yxfkHSbH5"},"_contentSize":{"__type__":"cc.Size","width":172,"height":172}}],{"__type__":"cc.SpriteFrame","content":{"name":"rank_1","texture":"c2t1QoGcdIfYWNTHBIFTst","rect":[0,0,105,136],"offset":[0,0],"originalSize":[105,136]}},{"__type__":"cc.SpriteFrame","content":{"name":"default_sprite","texture":"6eBWFz0oVHPLIGQKf/9Thu","rect":[0,2,40,36],"offset":[0,0],"originalSize":[40,40]}},{"__type__":"cc.SpriteFrame","content":{"name":"rank_player_border","texture":"a0riWyOcdB9IWlLym3DofI","rect":[1,1,188,191],"offset":[0,-0.5],"originalSize":[190,192]}},{"__type__":"cc.SpriteFrame","content":{"name":"rank_scroll_item_bg","texture":"36NQZNRTFHu6dQxg8QDgrR","rect":[0,0,229,214],"offset":[0,0],"originalSize":[229,214],"capInsets":[50,50,50,50]}},[{"__type__":"cc.Prefab","_name":"rank_player_score","data":{"__id__":1},"asyncLoadAssets":null},{"__type__":"cc.Node","_name":"rank_player_score","_components":[{"__type__":"cc.Label","node":{"__id__":1},"_useOriginalSize":false,"_N$string":"2000","_N$horizontalAlign":2,"_N$verticalAlign":1,"_N$overflow":2},{"__type__":"cc.Widget","node":{"__id__":1},"_alignFlags":37,"_right":46,"_originalHeight":40}],"_prefab":{"__type__":"cc.PrefabInfo","root":{"__id__":1},"asset":{"__id__":0},"fileId":"eeUoxe6nFFZYqODUjhNg8V"},"_contentSize":{"__type__":"cc.Size","width":230,"height":214},"_position":{"__type__":"cc.Vec2","x":379}}],{"__type__":"cc.SpriteFrame","content":{"name":"rank_2","texture":"72dz+YwdZMLb+Djipzobo2","rect":[0,0,105,136],"offset":[0,0],"originalSize":[105,136]}},[{"__type__":"cc.Prefab","_name":"rank_label","data":{"__id__":1},"asyncLoadAssets":null},{"__type__":"cc.Node","_name":"rank_label","_components":[{"__type__":"cc.Label","node":{"__id__":1},"_useOriginalSize":false,"_enableWrapText":false,"_N$string":"1","_N$horizontalAlign":1,"_N$verticalAlign":1,"_N$overflow":2},{"__type__":"cc.Widget","node":{"__id__":1},"_alignFlags":13,"_originalHeight":80}],"_prefab":{"__type__":"cc.PrefabInfo","root":{"__id__":1},"asset":{"__id__":0},"fileId":"6dmEdtHRRABqkjMW3kk375"},"_contentSize":{"__type__":"cc.Size","width":192,"height":214},"_position":{"__type__":"cc.Vec2","x":-444}}]]