[{"__type__":"cc.SceneAsset","_name":"multi_player_game","scene":{"__id__":1},"asyncLoadAssets":null},{"__type__":"cc.Scene","_name":"New Node","_children":[{"__id__":2},{"__id__":18}],"_anchorPoint":{"__type__":"cc.Vec2"},"autoReleaseAssets":false},{"__type__":"cc.Node","_name":"game","_parent":{"__id__":1},"_children":[{"__id__":3},{"__id__":9},{"__id__":13},{"__id__":16}],"_components":[{"__type__":"cc.Canvas","node":{"__id__":2},"_designResolution":{"__type__":"cc.Size","width":1080,"height":1920},"_fitWidth":true,"_fitHeight":false},{"__type__":"d1d6dJ/f9FB2owvsXrWHMB/","node":{"__id__":2},"gravity":-100,"playerControl":{"__id__":9},"camera":{"__id__":15},"scoreLabel":{"__id__":17},"leftWallPrefab":{"__uuid__":"b2aObkMx1IiKC2Tc+X9CnZ"},"rightWallPrefab":{"__uuid__":"35DZENMeJAjLQ0EUvgWMct"},"backgroundPrefab":{"__uuid__":"b0SEleW/9FAqOwRCLAgsoY"},"leftWallInitPosition":{"__type__":"cc.Vec2","x":-473,"y":350},"rightWallInitPosition":{"__type__":"cc.Vec2","x":473,"y":350},"backgroundInitPosition":{"__type__":"cc.Vec2","y":750},"backgroundZIndex":-1},{"__type__":"472damY6+BIPo61+5NAyNND","node":{"__id__":2},"target":{"__id__":9},"boxPrefab":{"__uuid__":"e9NYz0nBFOtp2Z6j414DMS"},"camera":{"__id__":15},"onceCreatedCount":1,"minBoxSize":{"__type__":"cc.Size","width":160,"height":144},"maxBoxSize":{"__type__":"cc.Size","width":200,"height":180},"minBoxLeftX":-400,"maxBoxRigthX":406,"minBoxYInterval":400,"maxBoxYInterval":450}],"_prefab":{"__type__":"cc.PrefabInfo","root":{"__id__":2},"asset":{"__uuid__":"84qXgVjZRBuoHb8MilBtHp"},"fileId":"12yGfagHNDJ7yqnCi2vsu9"},"_id":"49V/6hckRNMJUBFwSLfjvf","_contentSize":{"__type__":"cc.Size","width":1080,"height":1920},"_position":{"__type__":"cc.Vec2","x":540,"y":960}},{"__type__":"cc.Node","_name":"grounds","_parent":{"__id__":2},"_children":[{"__id__":4},{"__id__":5},{"__id__":6},{"__id__":7},{"__id__":8}],"_components":[{"__type__":"cc.RigidBody","node":{"__id__":3},"_type":0},{"__type__":"cc.PhysicsBoxCollider","node":{"__id__":3},"_friction":0.6,"_size":{"__type__":"cc.Size","width":1080,"height":310}}],"_prefab":{"__type__":"cc.PrefabInfo","root":{"__id__":2},"asset":{"__uuid__":"84qXgVjZRBuoHb8MilBtHp"},"fileId":"a91WnUUmNLubrOwFJFzNc9"},"_contentSize":{"__type__":"cc.Size","width":1080,"height":310},"_position":{"__type__":"cc.Vec2","y":-805}},{"__type__":"cc.Node","_name":"ground0","_parent":{"__id__":3},"_components":[{"__type__":"cc.Sprite","node":{"__id__":4},"_sizeMode":0},{"__type__":"cc.Widget","node":{"__id__":4},"_alignFlags":44,"_originalWidth":1954}],"_prefab":{"__type__":"cc.PrefabInfo","root":{"__id__":2},"asset":{"__uuid__":"84qXgVjZRBuoHb8MilBtHp"},"fileId":"69NCc4WdhEcIiaCIc9GDOE"},"_contentSize":{"__type__":"cc.Size","width":1080,"height":62},"_position":{"__type__":"cc.Vec2","y":-124}},{"__type__":"cc.Node","_name":"ground1","_parent":{"__id__":3},"_components":[{"__type__":"cc.Sprite","node":{"__id__":5},"_sizeMode":0},{"__type__":"cc.Widget","node":{"__id__":5},"_alignFlags":44,"_bottom":62,"_originalWidth":1954}],"_prefab":{"__type__":"cc.PrefabInfo","root":{"__id__":2},"asset":{"__uuid__":"84qXgVjZRBuoHb8MilBtHp"},"fileId":"03o2Xdfw5OKJoiPQ3LA89F"},"_contentSize":{"__type__":"cc.Size","width":1080,"height":62},"_position":{"__type__":"cc.Vec2","y":-62}},{"__type__":"cc.Node","_name":"ground2","_parent":{"__id__":3},"_components":[{"__type__":"cc.Sprite","node":{"__id__":6},"_sizeMode":0},{"__type__":"cc.Widget","node":{"__id__":6},"_alignFlags":44,"_left":2.2737367544323206e-13,"_right":-2.2737367544323206e-13,"_bottom":124.00000000000011,"_originalWidth":1954}],"_prefab":{"__type__":"cc.PrefabInfo","root":{"__id__":2},"asset":{"__uuid__":"84qXgVjZRBuoHb8MilBtHp"},"fileId":"3bpe/cVytASoCV6QM6aa2m"},"_contentSize":{"__type__":"cc.Size","width":1080,"height":62},"_position":{"__type__":"cc.Vec2","x":2.2737367544323206e-13,"y":1.1368683772161603e-13}},{"__type__":"cc.Node","_name":"ground3","_parent":{"__id__":3},"_components":[{"__type__":"cc.Sprite","node":{"__id__":7},"_sizeMode":0},{"__type__":"cc.Widget","node":{"__id__":7},"_alignFlags":44,"_bottom":186,"_originalWidth":1954}],"_prefab":{"__type__":"cc.PrefabInfo","root":{"__id__":2},"asset":{"__uuid__":"84qXgVjZRBuoHb8MilBtHp"},"fileId":"26lRoBBDxHhI+kTjoun0W6"},"_contentSize":{"__type__":"cc.Size","width":1080,"height":62},"_position":{"__type__":"cc.Vec2","y":62}},{"__type__":"cc.Node","_name":"ground4","_parent":{"__id__":3},"_components":[{"__type__":"cc.Sprite","node":{"__id__":8},"_sizeMode":0},{"__type__":"cc.Widget","node":{"__id__":8},"_alignFlags":44,"_bottom":248,"_originalWidth":1954}],"_prefab":{"__type__":"cc.PrefabInfo","root":{"__id__":2},"asset":{"__uuid__":"84qXgVjZRBuoHb8MilBtHp"},"fileId":"a4VIZmPYdKe7bJPG84L5mq"},"_contentSize":{"__type__":"cc.Size","width":1080,"height":62},"_position":{"__type__":"cc.Vec2","y":124}},{"__type__":"cc.Node","_name":"player_control","_parent":{"__id__":2},"_children":[{"__id__":10},{"__id__":11}],"_components":[{"__type__":"cc.Widget","node":{"__id__":9},"_bottom":310.5},{"__type__":"cc.RigidBody","node":{"__id__":9},"_gravityScale":50,"_linearDamping":1,"_fixedRotation":true},{"__type__":"cc.PhysicsBoxCollider","node":{"__id__":9},"_friction":0.3,"_restitution":0.2,"_size":{"__type__":"cc.Size","width":120,"height":120}},{"__type__":"8dc8aCRGlBAQJopcIaLBJYR","node":{"__id__":9},"impulseRatio":120,"maxImpluseX":48000,"maxImpluseY":48000,"maxLineLength":800,"minScaleRatio":1,"playerIcon":{"__id__":10},"graphicsPannel":{"__id__":12}}],"_prefab":{"__type__":"cc.PrefabInfo","root":{"__id__":2},"asset":{"__uuid__":"84qXgVjZRBuoHb8MilBtHp"},"fileId":"5cEuP4zkJC5rqh2zeFAy50"},"_contentSize":{"__type__":"cc.Size","width":120,"height":120},"_position":{"__type__":"cc.Vec2","y":-590}},{"__type__":"cc.Node","_name":"player","_parent":{"__id__":9},"_components":[{"__type__":"sp.Skeleton","node":{"__id__":10}},{"__type__":"cc.Widget","node":{"__id__":10},"_alignFlags":45,"_left":60,"_right":60,"_top":60,"_bottom":60,"_originalWidth":1946,"_originalHeight":2010}],"_prefab":{"__type__":"cc.PrefabInfo","root":{"__id__":2},"asset":{"__uuid__":"84qXgVjZRBuoHb8MilBtHp"},"fileId":"02PQZhkAlDh72Gn0DkYvS4"}},{"__type__":"cc.Node","_name":"graphicsPanel","_parent":{"__id__":9},"_components":[{"__id__":12}],"_prefab":{"__type__":"cc.PrefabInfo","root":{"__id__":2},"asset":{"__uuid__":"84qXgVjZRBuoHb8MilBtHp"},"fileId":"a2MRC52JtCYp8K/ST+hiGm"},"_contentSize":{"__type__":"cc.Size","width":500,"height":500},"_position":{"__type__":"cc.Vec2","x":-5}},{"__type__":"cc.Graphics","node":{"__id__":11},"_lineWidth":5,"_strokeColor":{"__type__":"cc.Color","r":248,"g":243,"b":243},"_lineJoin":1,"_lineCap":1,"_fillColor":{"__type__":"cc.Color","r":250,"g":247,"b":247},"_miterLimit":11},{"__type__":"cc.Node","_name":"camera_control","_parent":{"__id__":2},"_children":[{"__id__":14}],"_components":[{"__type__":"cc.Widget","node":{"__id__":13},"_alignFlags":45},{"__type__":"c91b9356chLdpz8rTtL7ufe","node":{"__id__":13},"focus":{"__id__":9}}],"_prefab":{"__type__":"cc.PrefabInfo","root":{"__id__":2},"asset":{"__uuid__":"84qXgVjZRBuoHb8MilBtHp"},"fileId":"641EZC3/NJCZWQSrQ/pQwH"},"_contentSize":{"__type__":"cc.Size","width":1080,"height":1920}},{"__type__":"cc.Node","_name":"camera","_parent":{"__id__":13},"_components":[{"__id__":15},{"__type__":"cc.Widget","node":{"__id__":14},"_alignFlags":45}],"_prefab":{"__type__":"cc.PrefabInfo","root":{"__id__":2},"asset":{"__uuid__":"84qXgVjZRBuoHb8MilBtHp"},"fileId":"e9wP6g6hJP3JC6d7e114C8"},"_contentSize":{"__type__":"cc.Size","width":1080,"height":1920}},{"__type__":"cc.Camera","node":{"__id__":14},"_targets":[{"__id__":9},{"__id__":3}]},{"__type__":"cc.Node","_name":"score","_parent":{"__id__":2},"_components":[{"__id__":17},{"__type__":"cc.Widget","node":{"__id__":16},"_alignFlags":33,"_right":40,"_top":40}],"_prefab":{"__type__":"cc.PrefabInfo","root":{"__id__":2},"asset":{"__uuid__":"84qXgVjZRBuoHb8MilBtHp"},"fileId":"0aC8SqHZ9CJ6mdNJPIe5aF"},"_contentSize":{"__type__":"cc.Size","width":22,"height":40},"_position":{"__type__":"cc.Vec2","x":489,"y":900}},{"__type__":"cc.Label","node":{"__id__":16},"_useOriginalSize":false,"_N$string":"0","_N$horizontalAlign":2,"_N$verticalAlign":1},{"__type__":"cc.Node","_name":"kala_hongse_1_ske","_parent":{"__id__":1},"_components":[{"__type__":"dragonBones.ArmatureDisplay","node":{"__id__":18},"_armatureName":"armatureName","_animationName":"idle2","playTimes":0}],"_id":"d9KcozoJ9AfaGxOzHETCgE","_position":{"__type__":"cc.Vec2","x":604,"y":672}}]